created_on,Consumption,Status
2022-04-16 00:03:40+00:00,4,Normal
2022-04-16 00:10:44+00:00,13,Normal
2022-04-16 00:13:41+00:00,0,Normal
2022-04-16 00:18:40+00:00,12,Normal
2022-04-16 00:23:42+00:00,0,Normal
2022-04-16 00:28:45+00:00,51,Normal
2022-04-16 00:33:41+00:00,8,Normal
2022-04-16 00:40:45+00:00,0,Normal
2022-04-16 00:43:42+00:00,0,Normal
2022-04-16 00:48:41+00:00,0,Normal
2022-04-16 00:53:42+00:00,0,Normal
2022-04-16 00:58:41+00:00,0,Normal
2022-04-16 01:03:43+00:00,0,Normal
2022-04-16 01:10:45+00:00,0,Normal
2022-04-16 01:13:42+00:00,0,Normal
2022-04-16 01:18:41+00:00,15,Normal
2022-04-16 01:23:41+00:00,80,Normal
2022-04-16 01:28:42+00:00,3,Normal
2022-04-16 01:33:41+00:00,35,Normal
2022-04-16 01:40:45+00:00,44,Normal
2022-04-16 01:43:42+00:00,9,Normal
2022-04-16 01:48:41+00:00,13,Normal
2022-04-16 01:53:40+00:00,31,Normal
2022-04-16 01:58:41+00:00,155,Normal
2022-04-16 02:03:43+00:00,41,Normal
2022-04-16 02:10:45+00:00,0,Normal
2022-04-16 02:13:42+00:00,11,Normal
2022-04-16 02:18:41+00:00,50,Normal
2022-04-16 02:23:39+00:00,21,Normal
2022-04-16 02:28:41+00:00,87,Normal
2022-04-16 02:33:41+00:00,77,Normal
2022-04-16 02:40:44+00:00,37,Normal
2022-04-16 02:43:41+00:00,48,Normal
2022-04-16 02:48:43+00:00,37,Normal
2022-04-16 02:53:40+00:00,0,Normal
2022-04-16 02:58:41+00:00,9,Normal
2022-04-16 03:03:42+00:00,11,Normal
2022-04-16 03:10:43+00:00,54,Normal
2022-04-16 03:13:41+00:00,84,Normal
2022-04-16 03:18:41+00:00,5,Normal
2022-04-16 03:23:41+00:00,0,Normal
2022-04-16 03:28:41+00:00,348,Normal
2022-04-16 03:33:40+00:00,0,Normal
2022-04-16 03:40:46+00:00,57,Normal
2022-04-16 03:43:40+00:00,27,Normal
2022-04-16 03:48:41+00:00,0,Normal
2022-04-16 03:53:40+00:00,0,Normal
2022-04-16 03:58:41+00:00,0,Normal
2022-04-16 04:03:41+00:00,0,Normal
2022-04-16 04:10:45+00:00,50,Normal
2022-04-16 04:13:42+00:00,0,Normal
2022-04-16 04:18:41+00:00,85,Normal
2022-04-16 04:23:40+00:00,95,Normal
2022-04-16 04:28:42+00:00,523,Normal
2022-04-16 04:33:41+00:00,536,Normal
2022-04-16 04:40:46+00:00,760,Normal
2022-04-16 04:43:41+00:00,312,Normal
2022-04-16 04:48:41+00:00,541,Normal
2022-04-16 04:53:42+00:00,541,Normal
2022-04-16 04:58:42+00:00,538,Normal
2022-04-16 05:03:43+00:00,532,Normal
2022-04-16 05:10:47+00:00,745,Normal
2022-04-16 05:13:41+00:00,311,Normal
2022-04-16 05:18:41+00:00,227,Normal
2022-04-16 05:23:40+00:00,0,Normal
2022-04-16 05:28:40+00:00,0,Normal
2022-04-16 05:33:42+00:00,0,Normal
2022-04-16 05:40:46+00:00,8,Normal
2022-04-16 05:43:40+00:00,0,Normal
2022-04-16 05:48:41+00:00,0,Normal
2022-04-16 05:53:40+00:00,5,Normal
2022-04-16 05:58:41+00:00,4,Normal
2022-04-16 06:03:40+00:00,212,Normal
2022-04-16 06:10:45+00:00,844,Normal
2022-04-16 06:13:40+00:00,64,Normal
2022-04-16 06:18:43+00:00,108,Normal
2022-04-16 06:23:41+00:00,140,Normal
2022-04-16 06:28:41+00:00,181,Normal
2022-04-16 06:33:40+00:00,99,Normal
2022-04-16 06:40:44+00:00,973,Anomaly
2022-04-16 06:43:41+00:00,499,Normal
2022-04-16 06:48:41+00:00,268,Normal
2022-04-16 06:53:41+00:00,100,Normal
2022-04-16 06:58:41+00:00,100,Normal
2022-04-16 07:03:41+00:00,425,Normal
2022-04-16 07:10:45+00:00,1099,Anomaly
2022-04-16 07:13:42+00:00,499,Normal
2022-04-16 07:18:42+00:00,227,Normal
2022-04-16 07:23:40+00:00,135,Normal
2022-04-16 07:28:41+00:00,452,Normal
2022-04-16 07:33:40+00:00,528,Normal
2022-04-16 07:40:45+00:00,752,Normal
2022-04-16 07:43:39+00:00,311,Normal
2022-04-16 07:48:41+00:00,527,Normal
2022-04-16 07:53:39+00:00,526,Normal
2022-04-16 07:58:39+00:00,520,Normal
2022-04-16 08:03:39+00:00,454,Normal
2022-04-16 08:10:45+00:00,717,Normal
2022-04-16 08:13:39+00:00,295,Normal
2022-04-16 08:18:39+00:00,443,Normal
2022-04-16 08:23:43+00:00,447,Normal
2022-04-16 08:28:42+00:00,516,Normal
2022-04-16 08:33:40+00:00,490,Normal
2022-04-16 08:40:47+00:00,745,Normal
2022-04-16 08:43:41+00:00,298,Normal
2022-04-16 08:48:41+00:00,279,Normal
2022-04-16 08:53:43+00:00,16,Normal
2022-04-16 08:58:41+00:00,85,Normal
2022-04-16 09:03:40+00:00,140,Normal
2022-04-16 09:10:44+00:00,161,Normal
2022-04-16 09:13:41+00:00,52,Normal
2022-04-16 09:18:40+00:00,860,Normal
2022-04-16 09:23:40+00:00,131,Normal
2022-04-16 09:28:40+00:00,122,Normal
2022-04-16 09:33:39+00:00,131,Normal
2022-04-16 09:40:45+00:00,226,Normal
2022-04-16 09:43:42+00:00,88,Normal
2022-04-16 09:48:41+00:00,161,Normal
2022-04-16 09:53:42+00:00,163,Normal
2022-04-16 09:58:43+00:00,161,Normal
2022-04-16 10:03:41+00:00,132,Normal
2022-04-16 10:10:48+00:00,180,Normal
2022-04-16 10:13:40+00:00,89,Normal
2022-04-16 10:18:40+00:00,1004,Anomaly
2022-04-16 10:23:41+00:00,248,Normal
2022-04-16 10:28:40+00:00,124,Normal
2022-04-16 10:33:39+00:00,105,Normal
2022-04-16 10:40:45+00:00,111,Normal
2022-04-16 10:43:41+00:00,216,Normal
2022-04-16 10:48:42+00:00,244,Normal
2022-04-16 10:53:40+00:00,496,Normal
2022-04-16 10:58:40+00:00,650,Normal
2022-04-16 11:03:41+00:00,325,Normal
2022-04-16 11:10:45+00:00,175,Normal
2022-04-16 11:13:42+00:00,226,Normal
2022-04-16 11:18:40+00:00,1636,Anomaly
2022-04-16 11:23:40+00:00,1406,Anomaly
2022-04-16 11:28:41+00:00,124,Normal
2022-04-16 11:33:41+00:00,137,Normal
2022-04-16 11:40:45+00:00,236,Normal
2022-04-16 11:43:40+00:00,97,Normal
2022-04-16 11:48:42+00:00,115,Normal
2022-04-16 11:53:39+00:00,137,Normal
2022-04-16 11:58:39+00:00,147,Normal
2022-04-16 12:03:42+00:00,165,Normal
2022-04-16 12:10:44+00:00,166,Normal
2022-04-16 12:13:43+00:00,64,Normal
2022-04-16 12:18:42+00:00,103,Normal
2022-04-16 12:23:42+00:00,106,Normal
2022-04-16 12:28:41+00:00,166,Normal
2022-04-16 12:33:42+00:00,110,Normal
2022-04-16 12:40:46+00:00,9,Normal
2022-04-16 12:43:40+00:00,23,Normal
2022-04-16 12:48:42+00:00,515,Normal
2022-04-16 12:53:40+00:00,540,Normal
2022-04-16 12:58:41+00:00,538,Normal
2022-04-16 13:03:43+00:00,459,Normal
2022-04-16 13:10:45+00:00,629,Normal
2022-04-16 13:13:40+00:00,315,Normal
2022-04-16 13:18:41+00:00,532,Normal
2022-04-16 13:23:42+00:00,528,Normal
2022-04-16 13:28:43+00:00,502,Normal
2022-04-16 13:33:42+00:00,531,Normal
2022-04-16 13:40:45+00:00,743,Normal
2022-04-16 13:43:42+00:00,288,Normal
2022-04-16 13:48:42+00:00,536,Normal
2022-04-16 13:53:40+00:00,530,Normal
2022-04-16 13:58:41+00:00,532,Normal
2022-04-16 14:03:41+00:00,536,Normal
2022-04-16 14:10:47+00:00,479,Normal
2022-04-16 14:13:41+00:00,0,Normal
2022-04-16 14:18:41+00:00,0,Normal
2022-04-16 14:23:41+00:00,3,Normal
2022-04-16 14:28:40+00:00,0,Normal
2022-04-16 14:33:40+00:00,0,Normal
2022-04-16 14:40:45+00:00,50,Normal
2022-04-16 14:43:42+00:00,13,Normal
2022-04-16 14:48:42+00:00,25,Normal
2022-04-16 14:54:51+00:00,1,Normal
2022-04-16 14:58:43+00:00,54,Normal
2022-04-16 15:03:41+00:00,6,Normal
2022-04-16 15:10:46+00:00,0,Normal
2022-04-16 15:13:43+00:00,0,Normal
2022-04-16 15:18:41+00:00,8,Normal
2022-04-16 15:23:41+00:00,4,Normal
2022-04-16 15:28:41+00:00,30,Normal
2022-04-16 15:33:41+00:00,8,Normal
2022-04-16 15:40:48+00:00,39,Normal
2022-04-16 15:43:41+00:00,8,Normal
2022-04-16 15:48:40+00:00,0,Normal
2022-04-16 15:53:41+00:00,0,Normal
2022-04-16 15:58:41+00:00,0,Normal
2022-04-16 16:03:40+00:00,13,Normal
2022-04-16 16:10:44+00:00,0,Normal
2022-04-16 16:13:41+00:00,34,Normal
2022-04-16 16:18:40+00:00,30,Normal
2022-04-16 16:23:40+00:00,109,Normal
2022-04-16 16:28:39+00:00,63,Normal
2022-04-16 16:33:39+00:00,1,Normal
2022-04-16 16:40:44+00:00,39,Normal
2022-04-16 16:43:40+00:00,7,Normal
2022-04-16 16:48:40+00:00,0,Normal
2022-04-16 16:53:40+00:00,6,Normal
2022-04-16 16:58:39+00:00,4,Normal
2022-04-16 17:03:39+00:00,0,Normal
2022-04-16 17:10:44+00:00,20,Normal
2022-04-16 17:13:44+00:00,0,Normal
2022-04-16 17:18:43+00:00,0,Normal
2022-04-16 17:23:40+00:00,4,Normal
2022-04-16 17:28:42+00:00,14,Normal
2022-04-16 17:33:40+00:00,5,Normal
2022-04-16 17:40:45+00:00,190,Normal
2022-04-16 17:43:41+00:00,0,Normal
2022-04-16 17:48:42+00:00,4,Normal
2022-04-16 17:53:42+00:00,5,Normal
2022-04-16 17:58:41+00:00,43,Normal
2022-04-16 18:03:40+00:00,9,Normal
2022-04-16 18:10:44+00:00,7,Normal
2022-04-16 18:13:44+00:00,45,Normal
2022-04-16 18:18:44+00:00,37,Normal
2022-04-16 18:23:42+00:00,479,Normal
2022-04-16 18:28:41+00:00,531,Normal
2022-04-16 18:33:41+00:00,533,Normal
2022-04-16 18:40:44+00:00,739,Normal
2022-04-16 18:43:41+00:00,285,Normal
2022-04-16 18:48:41+00:00,509,Normal
2022-04-16 18:53:43+00:00,539,Normal
2022-04-16 18:58:41+00:00,542,Normal
2022-04-16 19:03:41+00:00,511,Normal
2022-04-16 19:10:47+00:00,667,Normal
2022-04-16 19:13:41+00:00,308,Normal
2022-04-16 19:18:40+00:00,446,Normal
2022-04-16 19:23:41+00:00,119,Normal
2022-04-16 19:28:43+00:00,34,Normal
2022-04-16 19:33:42+00:00,10,Normal
2022-04-16 19:40:44+00:00,18,Normal
2022-04-16 19:43:41+00:00,0,Normal
2022-04-16 19:48:41+00:00,153,Normal
2022-04-16 19:53:41+00:00,99,Normal
2022-04-16 19:58:42+00:00,58,Normal
2022-04-16 20:03:40+00:00,3,Normal
2022-04-16 20:10:45+00:00,2,Normal
2022-04-16 20:13:41+00:00,0,Normal
2022-04-16 20:18:41+00:00,7,Normal
2022-04-16 20:23:40+00:00,79,Normal
2022-04-16 20:28:40+00:00,70,Normal
2022-04-16 20:33:42+00:00,65,Normal
2022-04-16 20:40:49+00:00,48,Normal
2022-04-16 20:43:42+00:00,0,Normal
2022-04-16 20:48:42+00:00,32,Normal
2022-04-16 20:53:40+00:00,75,Normal
2022-04-16 20:58:40+00:00,23,Normal
2022-04-16 21:03:41+00:00,35,Normal
2022-04-16 21:10:43+00:00,18,Normal
2022-04-16 21:13:41+00:00,59,Normal
2022-04-16 21:18:40+00:00,7,Normal
2022-04-16 21:23:41+00:00,3,Normal
2022-04-16 21:28:41+00:00,21,Normal
2022-04-16 21:33:41+00:00,0,Normal
2022-04-16 21:40:45+00:00,20,Normal
2022-04-16 21:43:41+00:00,0,Normal
2022-04-16 21:48:44+00:00,32,Normal
2022-04-16 21:53:41+00:00,2,Normal
2022-04-16 21:58:41+00:00,406,Normal
2022-04-16 22:03:41+00:00,251,Normal
2022-04-16 22:10:46+00:00,615,Normal
2022-04-16 22:13:43+00:00,281,Normal
2022-04-16 22:18:41+00:00,514,Normal
2022-04-16 22:23:41+00:00,541,Normal
2022-04-16 22:28:42+00:00,541,Normal
2022-04-16 22:33:42+00:00,540,Normal
2022-04-16 22:40:46+00:00,717,Normal
2022-04-16 22:43:42+00:00,298,Normal
2022-04-16 22:48:44+00:00,440,Normal
2022-04-16 22:53:39+00:00,2,Normal
2022-04-16 22:58:40+00:00,28,Normal
2022-04-16 23:03:43+00:00,24,Normal
2022-04-16 23:10:46+00:00,40,Normal
2022-04-16 23:13:43+00:00,45,Normal
2022-04-16 23:18:41+00:00,464,Normal
2022-04-16 23:23:42+00:00,515,Normal
2022-04-16 23:28:41+00:00,476,Normal
2022-04-16 23:33:41+00:00,521,Normal
2022-04-16 23:40:45+00:00,391,Normal
2022-04-16 23:43:40+00:00,0,Normal
2022-04-16 23:48:41+00:00,0,Normal
2022-04-16 23:53:41+00:00,0,Normal
2022-04-16 23:58:41+00:00,0,Normal
2022-04-17 00:03:41+00:00,0,Normal
2022-04-17 00:10:46+00:00,0,Normal
2022-04-17 00:13:41+00:00,0,Normal
2022-04-17 00:18:41+00:00,4,Normal
2022-04-17 00:23:41+00:00,0,Normal
2022-04-17 00:28:41+00:00,0,Normal
2022-04-17 00:33:40+00:00,0,Normal
2022-04-17 00:40:45+00:00,172,Normal
2022-04-17 00:43:41+00:00,0,Normal
2022-04-17 00:48:41+00:00,0,Normal
2022-04-17 00:53:41+00:00,243,Normal
2022-04-17 00:58:40+00:00,505,Normal
2022-04-17 01:03:42+00:00,217,Normal
2022-04-17 01:10:46+00:00,2,Normal
2022-04-17 01:13:40+00:00,3,Normal
2022-04-17 01:18:40+00:00,0,Normal
2022-04-17 01:23:43+00:00,10,Normal
2022-04-17 01:28:40+00:00,7,Normal
2022-04-17 01:33:41+00:00,252,Normal
2022-04-17 01:40:45+00:00,38,Normal
2022-04-17 01:43:41+00:00,8,Normal
2022-04-17 01:48:42+00:00,8,Normal
2022-04-17 01:53:39+00:00,4,Normal
2022-04-17 01:58:43+00:00,0,Normal
2022-04-17 02:03:42+00:00,65,Normal
2022-04-17 02:10:46+00:00,72,Normal
2022-04-17 02:13:39+00:00,0,Normal
2022-04-17 02:18:41+00:00,0,Normal
2022-04-17 02:23:42+00:00,6,Normal
2022-04-17 02:28:41+00:00,5,Normal
2022-04-17 02:33:41+00:00,16,Normal
2022-04-17 02:40:44+00:00,630,Normal
2022-04-17 02:43:39+00:00,299,Normal
2022-04-17 02:48:41+00:00,516,Normal
2022-04-17 02:53:40+00:00,534,Normal
2022-04-17 02:58:42+00:00,536,Normal
2022-04-17 03:03:41+00:00,533,Normal
2022-04-17 03:10:43+00:00,757,Normal
2022-04-17 03:13:42+00:00,300,Normal
2022-04-17 03:18:41+00:00,486,Normal
2022-04-17 03:23:40+00:00,510,Normal
2022-04-17 03:28:41+00:00,510,Normal
2022-04-17 03:33:41+00:00,513,Normal
2022-04-17 03:40:45+00:00,726,Normal
2022-04-17 03:43:40+00:00,280,Normal
2022-04-17 03:48:40+00:00,109,Normal
2022-04-17 03:53:42+00:00,4,Normal
2022-04-17 03:58:40+00:00,0,Normal
2022-04-17 04:03:40+00:00,98,Normal
2022-04-17 04:10:44+00:00,131,Normal
2022-04-17 04:13:41+00:00,2,Normal
2022-04-17 04:18:40+00:00,0,Normal
2022-04-17 04:23:41+00:00,26,Normal
2022-04-17 04:28:41+00:00,193,Normal
2022-04-17 04:33:40+00:00,28,Normal
2022-04-17 04:40:44+00:00,5,Normal
2022-04-17 04:43:40+00:00,12,Normal
2022-04-17 04:48:41+00:00,4,Normal
2022-04-17 04:53:42+00:00,5,Normal
2022-04-17 04:58:40+00:00,10,Normal
2022-04-17 05:03:40+00:00,11,Normal
2022-04-17 05:10:44+00:00,700,Normal
2022-04-17 05:13:41+00:00,318,Normal
2022-04-17 05:18:39+00:00,79,Normal
2022-04-17 05:23:40+00:00,0,Normal
2022-04-17 05:28:41+00:00,0,Normal
2022-04-17 05:33:41+00:00,2,Normal
2022-04-17 05:40:46+00:00,64,Normal
2022-04-17 05:43:40+00:00,6,Normal
2022-04-17 05:48:40+00:00,39,Normal
2022-04-17 05:53:40+00:00,141,Normal
2022-04-17 05:58:40+00:00,0,Normal
2022-04-17 06:03:39+00:00,0,Normal
2022-04-17 06:10:45+00:00,0,Normal
2022-04-17 06:13:42+00:00,66,Normal
2022-04-17 06:18:42+00:00,25,Normal
2022-04-17 06:23:39+00:00,0,Normal
2022-04-17 06:28:41+00:00,42,Normal
2022-04-17 06:33:40+00:00,2,Normal
2022-04-17 06:40:46+00:00,10,Normal
2022-04-17 06:43:42+00:00,2,Normal
2022-04-17 06:48:43+00:00,54,Normal
2022-04-17 06:53:43+00:00,4,Normal
2022-04-17 06:58:42+00:00,27,Normal
2022-04-17 07:03:40+00:00,86,Normal
2022-04-17 07:10:45+00:00,283,Normal
2022-04-17 07:13:42+00:00,179,Normal
2022-04-17 07:18:42+00:00,376,Normal
2022-04-17 07:23:43+00:00,16,Normal
2022-04-17 07:28:43+00:00,92,Normal
2022-04-17 07:33:40+00:00,64,Normal
2022-04-17 07:40:43+00:00,25,Normal
2022-04-17 07:43:42+00:00,33,Normal
2022-04-17 07:48:40+00:00,56,Normal
2022-04-17 07:53:40+00:00,75,Normal
2022-04-17 07:58:40+00:00,37,Normal
2022-04-17 08:03:40+00:00,505,Normal
2022-04-17 08:10:46+00:00,166,Normal
2022-04-17 08:13:41+00:00,287,Normal
2022-04-17 08:18:40+00:00,503,Normal
2022-04-17 08:23:39+00:00,493,Normal
2022-04-17 08:28:41+00:00,498,Normal
2022-04-17 08:33:41+00:00,499,Normal
2022-04-17 08:40:45+00:00,603,Normal
2022-04-17 08:43:40+00:00,245,Normal
2022-04-17 08:48:41+00:00,493,Normal
2022-04-17 08:53:39+00:00,505,Normal
2022-04-17 08:58:41+00:00,501,Normal
2022-04-17 09:03:40+00:00,502,Normal
2022-04-17 09:10:46+00:00,299,Normal
2022-04-17 09:13:43+00:00,13,Normal
2022-04-17 09:18:45+00:00,64,Normal
2022-04-17 09:23:41+00:00,18,Normal
2022-04-17 09:28:41+00:00,40,Normal
2022-04-17 09:33:42+00:00,70,Normal
2022-04-17 09:40:44+00:00,32,Normal
2022-04-17 09:43:41+00:00,6,Normal
2022-04-17 09:48:42+00:00,22,Normal
2022-04-17 09:53:41+00:00,0,Normal
2022-04-17 09:58:39+00:00,9,Normal
2022-04-17 10:03:41+00:00,77,Normal
2022-04-17 10:10:47+00:00,1,Normal
2022-04-17 10:13:42+00:00,14,Normal
2022-04-17 10:18:40+00:00,0,Normal
2022-04-17 10:23:42+00:00,0,Normal
2022-04-17 10:28:40+00:00,212,Normal
2022-04-17 10:33:42+00:00,80,Normal
2022-04-17 10:40:45+00:00,300,Normal
2022-04-17 10:43:41+00:00,312,Normal
2022-04-17 10:48:41+00:00,536,Normal
2022-04-17 10:53:40+00:00,530,Normal
2022-04-17 10:58:42+00:00,528,Normal
2022-04-17 11:03:41+00:00,528,Normal
2022-04-17 11:10:45+00:00,746,Normal
2022-04-17 11:13:42+00:00,263,Normal
2022-04-17 11:18:42+00:00,524,Normal
2022-04-17 11:23:41+00:00,191,Normal
2022-04-17 11:28:41+00:00,319,Normal
2022-04-17 11:33:41+00:00,522,Normal
2022-04-17 11:40:46+00:00,301,Normal
2022-04-17 11:43:40+00:00,154,Normal
2022-04-17 11:48:40+00:00,9,Normal
2022-04-17 11:53:41+00:00,28,Normal
2022-04-17 11:58:40+00:00,17,Normal
2022-04-17 12:03:41+00:00,0,Normal
2022-04-17 12:10:46+00:00,13,Normal
2022-04-17 12:13:40+00:00,0,Normal
2022-04-17 12:18:41+00:00,0,Normal
2022-04-17 12:23:40+00:00,0,Normal
2022-04-17 12:28:41+00:00,14,Normal
2022-04-17 12:33:41+00:00,31,Normal
2022-04-17 12:40:49+00:00,53,Normal
2022-04-17 12:43:41+00:00,115,Normal
2022-04-17 12:48:41+00:00,11,Normal
2022-04-17 12:53:40+00:00,0,Normal
2022-04-17 12:58:41+00:00,29,Normal
2022-04-17 13:03:41+00:00,24,Normal
2022-04-17 13:10:44+00:00,23,Normal
2022-04-17 13:13:41+00:00,0,Normal
2022-04-17 13:18:41+00:00,0,Normal
2022-04-17 13:23:40+00:00,7,Normal
2022-04-17 13:28:41+00:00,70,Normal
2022-04-17 13:33:41+00:00,528,Normal
2022-04-17 13:40:45+00:00,758,Normal
2022-04-17 13:43:41+00:00,312,Normal
2022-04-17 13:48:42+00:00,135,Normal
2022-04-17 13:53:41+00:00,2,Normal
2022-04-17 13:58:41+00:00,594,Normal
2022-04-17 14:03:43+00:00,4,Normal
2022-04-17 14:10:44+00:00,98,Normal
2022-04-17 14:13:41+00:00,0,Normal
2022-04-17 14:18:43+00:00,21,Normal
2022-04-17 14:23:42+00:00,40,Normal
2022-04-17 14:28:41+00:00,63,Normal
2022-04-17 14:33:42+00:00,12,Normal
2022-04-17 14:40:47+00:00,599,Normal
2022-04-17 14:43:43+00:00,13,Normal
2022-04-17 14:48:41+00:00,0,Normal
2022-04-17 14:53:43+00:00,0,Normal
2022-04-17 14:58:41+00:00,18,Normal
2022-04-17 15:03:40+00:00,5,Normal
2022-04-17 15:10:46+00:00,11,Normal
2022-04-17 15:13:42+00:00,0,Normal
2022-04-17 15:18:41+00:00,0,Normal
2022-04-17 15:23:42+00:00,0,Normal
2022-04-17 15:28:41+00:00,0,Normal
2022-04-17 15:33:41+00:00,0,Normal
2022-04-17 15:40:46+00:00,483,Normal
2022-04-17 15:43:43+00:00,304,Normal
2022-04-17 15:48:39+00:00,511,Normal
2022-04-17 15:53:40+00:00,543,Normal
2022-04-17 15:58:42+00:00,545,Normal
2022-04-17 16:03:41+00:00,95,Normal
2022-04-17 16:10:45+00:00,4,Normal
2022-04-17 16:13:41+00:00,5,Normal
2022-04-17 16:18:41+00:00,0,Normal
2022-04-17 16:23:43+00:00,71,Normal
2022-04-17 16:28:42+00:00,20,Normal
2022-04-17 16:33:42+00:00,96,Normal
2022-04-17 16:40:48+00:00,57,Normal
2022-04-17 16:43:41+00:00,0,Normal
2022-04-17 16:48:41+00:00,0,Normal
2022-04-17 16:53:42+00:00,4,Normal
2022-04-17 16:58:45+00:00,13,Normal
2022-04-17 17:03:45+00:00,25,Normal
2022-04-17 17:10:47+00:00,24,Normal
2022-04-17 17:13:43+00:00,0,Normal
2022-04-17 17:18:42+00:00,84,Normal
2022-04-17 17:23:41+00:00,0,Normal
2022-04-17 17:28:42+00:00,0,Normal
2022-04-17 17:33:41+00:00,4,Normal
2022-04-17 17:40:45+00:00,60,Normal
2022-04-17 17:43:41+00:00,45,Normal
2022-04-17 17:48:42+00:00,43,Normal
2022-04-17 17:53:40+00:00,7,Normal
2022-04-17 17:58:43+00:00,16,Normal
2022-04-17 18:03:42+00:00,25,Normal
2022-04-17 18:10:45+00:00,737,Normal
2022-04-17 18:13:41+00:00,319,Normal
2022-04-17 18:18:41+00:00,543,Normal
2022-04-17 18:23:41+00:00,542,Normal
2022-04-17 18:28:43+00:00,531,Normal
2022-04-17 18:33:41+00:00,538,Normal
2022-04-17 18:40:45+00:00,764,Normal
2022-04-17 18:43:42+00:00,316,Normal
2022-04-17 18:48:41+00:00,539,Normal
2022-04-17 18:53:40+00:00,537,Normal
2022-04-17 18:58:41+00:00,354,Normal
2022-04-17 19:03:43+00:00,26,Normal
2022-04-17 19:10:45+00:00,19,Normal
2022-04-17 19:13:41+00:00,17,Normal
2022-04-17 19:18:43+00:00,0,Normal
2022-04-17 19:23:41+00:00,258,Normal
2022-04-17 19:28:41+00:00,13,Normal
2022-04-17 19:33:43+00:00,3,Normal
2022-04-17 19:40:47+00:00,85,Normal
2022-04-17 19:43:42+00:00,7,Normal
2022-04-17 19:48:42+00:00,16,Normal
2022-04-17 19:53:41+00:00,17,Normal
2022-04-17 19:58:46+00:00,2,Normal
2022-04-17 20:03:41+00:00,3,Normal
2022-04-17 20:10:45+00:00,16,Normal
2022-04-17 20:13:42+00:00,0,Normal
2022-04-17 20:18:41+00:00,0,Normal
2022-04-17 20:23:42+00:00,0,Normal
2022-04-17 20:28:41+00:00,279,Normal
2022-04-17 20:33:44+00:00,539,Normal
2022-04-17 20:40:45+00:00,759,Normal
2022-04-17 20:43:41+00:00,316,Normal
2022-04-17 20:48:41+00:00,539,Normal
2022-04-17 20:53:41+00:00,538,Normal
2022-04-17 20:58:41+00:00,171,Normal
2022-04-17 21:03:41+00:00,0,Normal
2022-04-17 21:10:46+00:00,93,Normal
2022-04-17 21:13:42+00:00,0,Normal
2022-04-17 21:18:41+00:00,35,Normal
2022-04-17 21:23:41+00:00,41,Normal
2022-04-17 21:28:42+00:00,11,Normal
2022-04-17 21:33:41+00:00,4,Normal
2022-04-17 21:40:45+00:00,51,Normal
2022-04-17 21:43:43+00:00,7,Normal
2022-04-17 21:48:41+00:00,0,Normal
2022-04-17 21:53:44+00:00,12,Normal
2022-04-17 21:58:44+00:00,0,Normal
2022-04-17 22:03:42+00:00,3,Normal
2022-04-17 22:10:46+00:00,118,Normal
2022-04-17 22:13:43+00:00,0,Normal
2022-04-17 22:18:43+00:00,0,Normal
2022-04-17 22:23:45+00:00,0,Normal
2022-04-17 22:28:40+00:00,130,Normal
2022-04-17 22:33:42+00:00,471,Normal
2022-04-17 22:40:45+00:00,744,Normal
2022-04-17 22:43:42+00:00,312,Normal
2022-04-17 22:48:42+00:00,539,Normal
2022-04-17 22:53:41+00:00,532,Normal
2022-04-17 22:58:42+00:00,494,Normal
2022-04-17 23:03:42+00:00,487,Normal
2022-04-17 23:10:46+00:00,741,Normal
2022-04-17 23:13:41+00:00,304,Normal
2022-04-17 23:18:41+00:00,520,Normal
2022-04-17 23:23:41+00:00,527,Normal
2022-04-17 23:28:42+00:00,538,Normal
2022-04-17 23:33:41+00:00,534,Normal
2022-04-17 23:40:45+00:00,655,Normal
2022-04-17 23:43:41+00:00,311,Normal
2022-04-17 23:48:41+00:00,143,Normal
2022-04-17 23:53:41+00:00,17,Normal
2022-04-17 23:58:41+00:00,19,Normal
2022-04-18 00:03:42+00:00,78,Normal
2022-04-18 00:10:45+00:00,11,Normal
2022-04-18 00:13:42+00:00,2,Normal
2022-04-18 00:18:41+00:00,37,Normal
2022-04-18 00:23:41+00:00,253,Normal
2022-04-18 00:28:41+00:00,0,Normal
2022-04-18 00:33:42+00:00,15,Normal
2022-04-18 00:40:45+00:00,0,Normal
2022-04-18 00:43:42+00:00,0,Normal
2022-04-18 00:48:41+00:00,3,Normal
2022-04-18 00:53:42+00:00,0,Normal
2022-04-18 00:58:42+00:00,0,Normal
2022-04-18 01:03:41+00:00,23,Normal
2022-04-18 01:10:45+00:00,56,Normal
2022-04-18 01:13:42+00:00,26,Normal
2022-04-18 01:18:41+00:00,3,Normal
2022-04-18 01:23:41+00:00,40,Normal
2022-04-18 01:28:41+00:00,0,Normal
2022-04-18 01:33:41+00:00,15,Normal
2022-04-18 01:40:44+00:00,135,Normal
2022-04-18 01:43:42+00:00,0,Normal
2022-04-18 01:48:41+00:00,10,Normal
2022-04-18 01:53:42+00:00,0,Normal
2022-04-18 01:58:41+00:00,0,Normal
2022-04-18 02:03:42+00:00,4,Normal
2022-04-18 02:10:45+00:00,39,Normal
2022-04-18 02:13:41+00:00,0,Normal
2022-04-18 02:18:42+00:00,0,Normal
2022-04-18 02:23:41+00:00,11,Normal
2022-04-18 02:28:41+00:00,174,Normal
2022-04-18 02:33:40+00:00,0,Normal
2022-04-18 02:40:45+00:00,670,Normal
2022-04-18 02:43:41+00:00,316,Normal
2022-04-18 02:48:41+00:00,540,Normal
2022-04-18 02:53:41+00:00,541,Normal
2022-04-18 02:58:42+00:00,544,Normal
2022-04-18 03:03:42+00:00,545,Normal
2022-04-18 03:10:46+00:00,717,Normal
2022-04-18 03:13:41+00:00,320,Normal
2022-04-18 03:18:42+00:00,533,Normal
2022-04-18 03:23:41+00:00,522,Normal
2022-04-18 03:28:41+00:00,501,Normal
2022-04-18 03:33:41+00:00,444,Normal
2022-04-18 03:40:46+00:00,130,Normal
2022-04-18 03:43:41+00:00,0,Normal
2022-04-18 03:48:41+00:00,24,Normal
2022-04-18 03:53:41+00:00,324,Normal
2022-04-18 03:58:42+00:00,532,Normal
2022-04-18 04:03:43+00:00,539,Normal
2022-04-18 04:10:45+00:00,770,Normal
2022-04-18 04:13:41+00:00,318,Normal
2022-04-18 04:18:41+00:00,251,Normal
2022-04-18 04:23:42+00:00,0,Normal
2022-04-18 04:28:42+00:00,0,Normal
2022-04-18 04:33:41+00:00,0,Normal
2022-04-18 04:40:45+00:00,0,Normal
2022-04-18 04:43:40+00:00,0,Normal
2022-04-18 04:48:41+00:00,19,Normal
2022-04-18 04:53:42+00:00,7,Normal
2022-04-18 04:58:41+00:00,47,Normal
2022-04-18 05:03:41+00:00,13,Normal
2022-04-18 05:10:45+00:00,22,Normal
2022-04-18 05:13:41+00:00,0,Normal
2022-04-18 05:18:40+00:00,6,Normal
2022-04-18 05:23:40+00:00,13,Normal
2022-04-18 05:28:40+00:00,283,Normal
2022-04-18 05:33:41+00:00,531,Normal
2022-04-18 05:40:45+00:00,737,Normal
2022-04-18 05:43:42+00:00,292,Normal
2022-04-18 05:48:41+00:00,544,Normal
2022-04-18 05:53:43+00:00,543,Normal
2022-04-18 05:58:43+00:00,543,Normal
2022-04-18 06:03:41+00:00,502,Normal
2022-04-18 06:10:45+00:00,742,Normal
2022-04-18 06:13:43+00:00,163,Normal
2022-04-18 06:18:41+00:00,215,Normal
2022-04-18 06:23:42+00:00,4,Normal
2022-04-18 06:28:41+00:00,118,Normal
2022-04-18 06:33:42+00:00,28,Normal
2022-04-18 06:40:46+00:00,40,Normal
2022-04-18 06:43:42+00:00,8,Normal
2022-04-18 06:48:41+00:00,19,Normal
2022-04-18 06:53:42+00:00,87,Normal
2022-04-18 06:58:42+00:00,70,Normal
2022-04-18 07:03:40+00:00,264,Normal
2022-04-18 07:10:45+00:00,15,Normal
2022-04-18 07:13:43+00:00,11,Normal
2022-04-18 07:18:42+00:00,8,Normal
2022-04-18 07:23:42+00:00,0,Normal
2022-04-18 07:28:43+00:00,0,Normal
2022-04-18 07:33:42+00:00,25,Normal
2022-04-18 07:40:46+00:00,237,Normal
2022-04-18 07:43:44+00:00,8,Normal
2022-04-18 07:48:42+00:00,11,Normal
2022-04-18 07:53:42+00:00,163,Normal
2022-04-18 07:58:40+00:00,161,Normal
2022-04-18 08:03:41+00:00,159,Normal
2022-04-18 08:10:45+00:00,202,Normal
2022-04-18 08:13:41+00:00,438,Normal
2022-04-18 08:18:43+00:00,183,Normal
2022-04-18 08:23:41+00:00,110,Normal
2022-04-18 08:28:42+00:00,119,Normal
2022-04-18 08:33:41+00:00,120,Normal
2022-04-18 08:40:47+00:00,162,Normal
2022-04-18 08:43:41+00:00,71,Normal
2022-04-18 08:48:42+00:00,331,Normal
2022-04-18 08:53:43+00:00,487,Normal
2022-04-18 08:58:40+00:00,479,Normal
2022-04-18 09:03:44+00:00,545,Normal
2022-04-18 09:10:47+00:00,705,Normal
2022-04-18 09:13:43+00:00,314,Normal
2022-04-18 09:18:41+00:00,500,Normal
2022-04-18 09:23:40+00:00,455,Normal
2022-04-18 09:28:42+00:00,534,Normal
2022-04-18 09:33:42+00:00,538,Normal
2022-04-18 09:40:46+00:00,711,Normal
2022-04-18 09:43:41+00:00,294,Normal
2022-04-18 09:48:44+00:00,502,Normal
2022-04-18 09:53:42+00:00,535,Normal
2022-04-18 09:58:42+00:00,204,Normal
2022-04-18 10:03:42+00:00,140,Normal
2022-04-18 10:10:47+00:00,133,Normal
2022-04-18 10:13:42+00:00,61,Normal
2022-04-18 10:18:43+00:00,100,Normal
2022-04-18 10:23:43+00:00,104,Normal
2022-04-18 10:28:43+00:00,526,Normal
2022-04-18 10:33:42+00:00,174,Normal
2022-04-18 10:40:46+00:00,876,Normal
2022-04-18 10:43:42+00:00,960,Anomaly
2022-04-18 10:48:42+00:00,766,Normal
2022-04-18 10:53:43+00:00,1294,Anomaly
2022-04-18 10:58:42+00:00,1044,Anomaly
2022-04-18 11:03:41+00:00,1142,Anomaly
2022-04-18 11:10:49+00:00,1207,Anomaly
2022-04-18 11:13:42+00:00,725,Normal
2022-04-18 11:18:41+00:00,1471,Anomaly
2022-04-18 11:23:42+00:00,1456,Anomaly
2022-04-18 11:28:42+00:00,441,Normal
2022-04-18 11:33:41+00:00,262,Normal
2022-04-18 11:40:46+00:00,64,Normal
2022-04-18 11:43:41+00:00,0,Normal
2022-04-18 11:48:40+00:00,30,Normal
2022-04-18 11:53:42+00:00,16,Normal
2022-04-18 11:58:41+00:00,26,Normal
2022-04-18 12:03:43+00:00,10,Normal
2022-04-18 12:10:44+00:00,7,Normal
2022-04-18 12:13:41+00:00,0,Normal
2022-04-18 12:18:41+00:00,12,Normal
2022-04-18 12:23:41+00:00,0,Normal
2022-04-18 12:28:41+00:00,37,Normal
2022-04-18 12:33:41+00:00,22,Normal
2022-04-18 12:40:47+00:00,88,Normal
2022-04-18 12:43:42+00:00,100,Normal
2022-04-18 12:48:41+00:00,160,Normal
2022-04-18 12:53:41+00:00,134,Normal
2022-04-18 12:58:41+00:00,120,Normal
2022-04-18 13:03:41+00:00,368,Normal
2022-04-18 13:10:48+00:00,167,Normal
2022-04-18 13:13:42+00:00,68,Normal
2022-04-18 13:18:44+00:00,111,Normal
2022-04-18 13:23:41+00:00,283,Normal
2022-04-18 13:28:41+00:00,132,Normal
2022-04-18 13:33:41+00:00,131,Normal
2022-04-18 13:40:47+00:00,183,Normal
2022-04-18 13:43:41+00:00,77,Normal
2022-04-18 13:48:43+00:00,131,Normal
2022-04-18 13:53:41+00:00,131,Normal
2022-04-18 13:58:40+00:00,131,Normal
2022-04-18 14:03:41+00:00,132,Normal
2022-04-18 14:10:45+00:00,274,Normal
2022-04-18 14:13:41+00:00,146,Normal
2022-04-18 14:18:41+00:00,249,Normal
2022-04-18 14:23:41+00:00,246,Normal
2022-04-18 14:28:41+00:00,244,Normal
2022-04-18 14:33:41+00:00,245,Normal
2022-04-18 14:40:46+00:00,349,Normal
2022-04-18 14:43:43+00:00,147,Normal
2022-04-18 14:48:41+00:00,212,Normal
2022-04-18 14:53:44+00:00,236,Normal
2022-04-18 15:10:44+00:00,117,Normal
2022-04-18 15:13:45+00:00,2,Normal
2022-04-18 15:18:41+00:00,11,Normal
2022-04-18 15:23:43+00:00,0,Normal
2022-04-18 15:28:41+00:00,14,Normal
2022-04-18 15:33:42+00:00,11,Normal
2022-04-18 15:40:44+00:00,4,Normal
2022-04-18 15:43:43+00:00,4,Normal
2022-04-18 15:48:42+00:00,35,Normal
2022-04-18 15:53:42+00:00,10,Normal
2022-04-18 15:58:44+00:00,0,Normal
2022-04-18 16:03:42+00:00,5,Normal
2022-04-18 16:10:45+00:00,3,Normal
2022-04-18 16:13:41+00:00,0,Normal
2022-04-18 16:18:41+00:00,0,Normal
2022-04-18 16:23:41+00:00,42,Normal
2022-04-18 16:28:43+00:00,8,Normal
2022-04-18 16:33:41+00:00,3,Normal
2022-04-18 16:40:47+00:00,0,Normal
2022-04-18 16:43:45+00:00,0,Normal
2022-04-18 16:48:41+00:00,6,Normal
2022-04-18 16:53:41+00:00,21,Normal
2022-04-18 16:58:44+00:00,280,Normal
2022-04-18 17:03:43+00:00,267,Normal
2022-04-18 17:10:45+00:00,586,Normal
2022-04-18 17:13:43+00:00,113,Normal
2022-04-18 17:18:41+00:00,155,Normal
2022-04-18 17:23:42+00:00,266,Normal
2022-04-18 17:28:42+00:00,254,Normal
2022-04-18 17:33:41+00:00,250,Normal
2022-04-18 17:40:45+00:00,357,Normal
2022-04-18 17:43:43+00:00,149,Normal
2022-04-18 17:48:41+00:00,389,Normal
2022-04-18 17:53:42+00:00,511,Normal
2022-04-18 17:58:41+00:00,545,Normal
2022-04-18 18:03:41+00:00,544,Normal
2022-04-18 18:10:47+00:00,768,Normal
2022-04-18 18:13:41+00:00,318,Normal
2022-04-18 18:18:40+00:00,540,Normal
2022-04-18 18:23:43+00:00,537,Normal
2022-04-18 18:28:42+00:00,514,Normal
2022-04-18 18:33:41+00:00,502,Normal
2022-04-18 18:40:47+00:00,705,Normal
2022-04-18 18:43:43+00:00,302,Normal
2022-04-18 18:48:42+00:00,521,Normal
2022-04-18 18:53:43+00:00,505,Normal
2022-04-18 18:58:42+00:00,538,Normal
2022-04-18 19:03:42+00:00,535,Normal
2022-04-18 19:10:45+00:00,540,Normal
2022-04-18 19:13:43+00:00,16,Normal
2022-04-18 19:18:42+00:00,14,Normal
2022-04-18 19:23:42+00:00,19,Normal
2022-04-18 19:28:43+00:00,141,Normal
2022-04-18 19:33:46+00:00,45,Normal
2022-04-18 19:40:46+00:00,133,Normal
2022-04-18 19:43:42+00:00,5,Normal
2022-04-18 19:48:42+00:00,28,Normal
2022-04-18 19:53:41+00:00,8,Normal
2022-04-18 19:58:41+00:00,10,Normal
2022-04-18 20:03:41+00:00,69,Normal
2022-04-18 20:10:47+00:00,185,Normal
2022-04-18 20:13:42+00:00,274,Normal
2022-04-18 20:18:44+00:00,255,Normal
2022-04-18 20:23:44+00:00,23,Normal
2022-04-18 20:28:44+00:00,11,Normal
2022-04-18 20:33:41+00:00,17,Normal
2022-04-18 20:40:47+00:00,37,Normal
2022-04-18 20:43:42+00:00,46,Normal
2022-04-18 20:48:44+00:00,383,Normal
2022-04-18 20:53:44+00:00,7,Normal
2022-04-18 20:58:44+00:00,0,Normal
2022-04-18 21:03:41+00:00,0,Normal
2022-04-18 21:10:45+00:00,186,Normal
2022-04-18 21:13:43+00:00,6,Normal
2022-04-18 21:18:42+00:00,5,Normal
2022-04-18 21:23:42+00:00,0,Normal
2022-04-18 21:28:42+00:00,8,Normal
2022-04-18 21:33:41+00:00,9,Normal
2022-04-18 21:40:46+00:00,28,Normal
2022-04-18 21:43:41+00:00,0,Normal
2022-04-18 21:48:42+00:00,0,Normal
2022-04-18 21:53:43+00:00,499,Normal
2022-04-18 21:58:43+00:00,326,Normal
2022-04-18 22:03:43+00:00,0,Normal
2022-04-18 22:10:47+00:00,16,Normal
2022-04-18 22:13:42+00:00,8,Normal
2022-04-18 22:18:43+00:00,0,Normal
2022-04-18 22:23:43+00:00,195,Normal
2022-04-18 22:28:42+00:00,547,Normal
2022-04-18 22:33:43+00:00,546,Normal
2022-04-18 22:40:45+00:00,771,Normal
2022-04-18 22:43:42+00:00,319,Normal
2022-04-18 22:48:42+00:00,545,Normal
2022-04-18 22:53:43+00:00,542,Normal
2022-04-18 22:58:42+00:00,542,Normal
2022-04-18 23:03:42+00:00,532,Normal
2022-04-18 23:10:45+00:00,755,Normal
2022-04-18 23:13:42+00:00,311,Normal
2022-04-18 23:18:41+00:00,527,Normal
2022-04-18 23:23:41+00:00,526,Normal
2022-04-18 23:28:42+00:00,527,Normal
2022-04-18 23:33:41+00:00,261,Normal
2022-04-18 23:42:04+00:00,8,Normal
2022-04-18 23:43:42+00:00,63,Normal
2022-04-18 23:48:41+00:00,70,Normal
2022-04-18 23:53:42+00:00,0,Normal
2022-04-18 23:58:43+00:00,0,Normal
2022-04-19 00:03:42+00:00,31,Normal
2022-04-19 00:10:44+00:00,4,Normal
2022-04-19 00:13:41+00:00,0,Normal
2022-04-19 00:18:41+00:00,49,Normal
2022-04-19 00:23:41+00:00,49,Normal
2022-04-19 00:28:42+00:00,4,Normal
2022-04-19 00:33:41+00:00,24,Normal
2022-04-19 00:40:45+00:00,249,Normal
2022-04-19 00:43:44+00:00,16,Normal
2022-04-19 00:48:42+00:00,28,Normal
2022-04-19 00:53:42+00:00,0,Normal
2022-04-19 00:58:41+00:00,61,Normal
2022-04-19 01:03:42+00:00,18,Normal
2022-04-19 01:10:46+00:00,35,Normal
2022-04-19 01:13:43+00:00,201,Normal
2022-04-19 01:18:42+00:00,50,Normal
2022-04-19 01:23:42+00:00,10,Normal
2022-04-19 01:28:40+00:00,13,Normal
2022-04-19 01:33:41+00:00,8,Normal
2022-04-19 01:40:47+00:00,13,Normal
2022-04-19 01:43:40+00:00,206,Normal
2022-04-19 01:48:42+00:00,6,Normal
2022-04-19 01:53:42+00:00,26,Normal
2022-04-19 01:58:42+00:00,0,Normal
2022-04-19 02:03:42+00:00,10,Normal
2022-04-19 02:10:45+00:00,4,Normal
2022-04-19 02:13:42+00:00,12,Normal
2022-04-19 02:18:41+00:00,0,Normal
2022-04-19 02:23:42+00:00,0,Normal
2022-04-19 02:28:44+00:00,13,Normal
2022-04-19 02:33:42+00:00,214,Normal
2022-04-19 02:40:46+00:00,772,Normal
2022-04-19 02:43:44+00:00,314,Normal
2022-04-19 02:48:42+00:00,541,Normal
2022-04-19 02:53:41+00:00,509,Normal
2022-04-19 02:58:42+00:00,520,Normal
2022-04-19 03:03:41+00:00,502,Normal
2022-04-19 03:10:45+00:00,764,Normal
2022-04-19 03:13:41+00:00,314,Normal
2022-04-19 03:18:41+00:00,487,Normal
2022-04-19 03:23:42+00:00,338,Normal
2022-04-19 03:28:42+00:00,5,Normal
2022-04-19 03:33:42+00:00,0,Normal
2022-04-19 03:40:45+00:00,0,Normal
2022-04-19 03:43:42+00:00,0,Normal
2022-04-19 03:48:42+00:00,5,Normal
2022-04-19 03:53:43+00:00,14,Normal
2022-04-19 03:58:43+00:00,0,Normal
2022-04-19 04:03:43+00:00,11,Normal
2022-04-19 04:10:45+00:00,0,Normal
2022-04-19 04:13:41+00:00,0,Normal
2022-04-19 04:18:43+00:00,0,Normal
2022-04-19 04:23:42+00:00,0,Normal
2022-04-19 04:28:41+00:00,0,Normal
2022-04-19 04:33:42+00:00,3,Normal
2022-04-19 04:40:45+00:00,0,Normal
2022-04-19 04:43:41+00:00,0,Normal
2022-04-19 04:48:41+00:00,0,Normal
2022-04-19 04:53:42+00:00,108,Normal
2022-04-19 04:58:42+00:00,174,Normal
2022-04-19 05:03:42+00:00,173,Normal
2022-04-19 05:10:46+00:00,245,Normal
2022-04-19 05:13:41+00:00,102,Normal
2022-04-19 05:18:42+00:00,173,Normal
2022-04-19 05:23:41+00:00,144,Normal
2022-04-19 05:28:41+00:00,153,Normal
2022-04-19 05:33:40+00:00,172,Normal
2022-04-19 05:40:45+00:00,228,Normal
2022-04-19 05:43:43+00:00,0,Normal
2022-04-19 05:48:41+00:00,0,Normal
2022-04-19 05:53:41+00:00,0,Normal
2022-04-19 05:58:43+00:00,0,Normal
2022-04-19 06:03:41+00:00,7,Normal
2022-04-19 06:10:46+00:00,25,Normal
2022-04-19 06:13:42+00:00,0,Normal
2022-04-19 06:18:41+00:00,5,Normal
2022-04-19 06:23:41+00:00,158,Normal
2022-04-19 06:28:42+00:00,537,Normal
2022-04-19 06:33:42+00:00,540,Normal
2022-04-19 06:40:46+00:00,764,Normal
2022-04-19 06:43:41+00:00,315,Normal
2022-04-19 06:48:42+00:00,537,Normal
2022-04-19 06:53:42+00:00,539,Normal
2022-04-19 06:58:42+00:00,348,Normal
2022-04-19 07:03:41+00:00,0,Normal
2022-04-19 07:10:45+00:00,22,Normal
2022-04-19 07:13:42+00:00,18,Normal
2022-04-19 07:18:42+00:00,31,Normal
2022-04-19 07:23:42+00:00,262,Normal
2022-04-19 07:28:42+00:00,109,Normal
2022-04-19 07:33:42+00:00,15,Normal
2022-04-19 07:40:46+00:00,14,Normal
2022-04-19 07:43:42+00:00,5,Normal
2022-04-19 07:48:42+00:00,0,Normal
2022-04-19 07:53:42+00:00,8,Normal
2022-04-19 07:58:41+00:00,45,Normal
2022-04-19 08:03:42+00:00,46,Normal
2022-04-19 08:10:45+00:00,40,Normal
2022-04-19 08:13:41+00:00,16,Normal
2022-04-19 08:18:42+00:00,25,Normal
2022-04-19 08:23:42+00:00,34,Normal
2022-04-19 08:28:42+00:00,183,Normal
2022-04-19 08:33:42+00:00,22,Normal
2022-04-19 08:40:46+00:00,14,Normal
2022-04-19 08:43:42+00:00,42,Normal
2022-04-19 08:48:41+00:00,17,Normal
2022-04-19 08:53:43+00:00,226,Normal
2022-04-19 08:58:41+00:00,15,Normal
2022-04-19 09:03:44+00:00,119,Normal
2022-04-19 09:10:47+00:00,93,Normal
2022-04-19 09:13:43+00:00,12,Normal
2022-04-19 09:18:41+00:00,18,Normal
2022-04-19 09:23:42+00:00,17,Normal
2022-04-19 09:28:42+00:00,49,Normal
2022-04-19 09:33:42+00:00,44,Normal
2022-04-19 09:40:48+00:00,40,Normal
2022-04-19 09:43:42+00:00,3,Normal
2022-04-19 09:48:42+00:00,13,Normal
2022-04-19 09:53:43+00:00,36,Normal
2022-04-19 09:58:42+00:00,52,Normal
2022-04-19 10:03:43+00:00,133,Normal
2022-04-19 10:10:45+00:00,85,Normal
2022-04-19 10:13:42+00:00,191,Normal
2022-04-19 10:18:42+00:00,47,Normal
2022-04-19 10:23:43+00:00,89,Normal
2022-04-19 10:28:42+00:00,133,Normal
2022-04-19 10:33:43+00:00,135,Normal
2022-04-19 10:40:45+00:00,188,Normal
2022-04-19 10:43:40+00:00,135,Normal
2022-04-19 10:48:44+00:00,528,Normal
2022-04-19 10:53:43+00:00,538,Normal
2022-04-19 10:58:42+00:00,526,Normal
2022-04-19 11:03:41+00:00,521,Normal
2022-04-19 11:10:45+00:00,744,Anomaly
2022-04-19 11:13:40+00:00,308,Normal
2022-04-19 11:18:42+00:00,529,Normal
2022-04-19 11:23:44+00:00,534,Normal
2022-04-19 11:28:42+00:00,536,Normal
2022-04-19 11:33:43+00:00,537,Normal
2022-04-19 11:40:47+00:00,765,Normal
2022-04-19 11:43:42+00:00,317,Normal
2022-04-19 11:48:42+00:00,541,Normal
2022-04-19 11:53:43+00:00,540,Normal
2022-04-19 11:58:44+00:00,517,Normal
2022-04-19 12:03:42+00:00,532,Normal
2022-04-19 12:10:47+00:00,767,Normal
2022-04-19 12:13:43+00:00,317,Normal
2022-04-19 12:18:43+00:00,25,Normal
2022-04-19 12:23:42+00:00,0,Normal
2022-04-19 12:28:42+00:00,14,Normal
2022-04-19 12:33:42+00:00,96,Normal
2022-04-19 12:40:45+00:00,91,Normal
2022-04-19 12:43:42+00:00,93,Normal
2022-04-19 12:48:43+00:00,107,Normal
2022-04-19 12:53:41+00:00,103,Normal
2022-04-19 12:58:42+00:00,36,Normal
2022-04-19 13:03:42+00:00,26,Normal
2022-04-19 13:10:47+00:00,72,Normal
2022-04-19 13:13:41+00:00,10,Normal
2022-04-19 13:18:43+00:00,8,Normal
2022-04-19 13:23:44+00:00,117,Normal
2022-04-19 13:28:42+00:00,132,Normal
2022-04-19 13:33:40+00:00,104,Normal
2022-04-19 13:40:47+00:00,0,Normal
2022-04-19 13:43:43+00:00,0,Normal
2022-04-19 13:48:44+00:00,2,Normal
2022-04-19 13:53:42+00:00,6,Normal
2022-04-19 13:58:43+00:00,3,Normal
2022-04-19 14:03:42+00:00,0,Normal
2022-04-19 14:10:48+00:00,0,Normal
2022-04-19 14:13:41+00:00,0,Normal
2022-04-19 14:18:43+00:00,0,Normal
2022-04-19 14:23:43+00:00,9,Normal
2022-04-19 14:28:44+00:00,0,Normal
2022-04-19 14:33:41+00:00,15,Normal
2022-04-19 14:41:16+00:00,0,Normal
2022-04-19 14:43:41+00:00,3,Normal
2022-04-19 14:48:41+00:00,2,Normal
2022-04-19 14:53:41+00:00,3,Normal
2022-04-19 14:58:42+00:00,15,Normal
2022-04-19 15:03:41+00:00,14,Normal
2022-04-19 15:10:47+00:00,28,Normal
2022-04-19 15:13:41+00:00,0,Normal
2022-04-19 15:18:42+00:00,3,Normal
2022-04-19 15:40:46+00:00,3,Normal
2022-04-19 15:43:42+00:00,8,Normal
2022-04-19 15:48:42+00:00,2,Normal
2022-04-19 15:53:44+00:00,4,Normal
2022-04-19 15:58:41+00:00,34,Normal
2022-04-19 16:03:42+00:00,745,Normal
2022-04-19 16:10:46+00:00,995,Anomaly
2022-04-19 16:13:43+00:00,191,Normal
2022-04-19 16:18:41+00:00,253,Normal
2022-04-19 16:23:42+00:00,27,Normal
2022-04-19 16:28:44+00:00,8,Normal
2022-04-19 16:33:42+00:00,6,Normal
2022-04-19 16:40:46+00:00,24,Normal
2022-04-19 16:43:43+00:00,4,Normal
2022-04-19 16:48:43+00:00,2,Normal
2022-04-19 16:53:42+00:00,0,Normal
2022-04-19 16:58:41+00:00,69,Normal
2022-04-19 17:03:41+00:00,37,Normal
2022-04-19 17:10:47+00:00,92,Normal
2022-04-19 17:13:43+00:00,0,Normal
2022-04-19 17:18:42+00:00,2,Normal
2022-04-19 17:23:41+00:00,508,Normal
2022-04-19 17:28:44+00:00,638,Normal
2022-04-19 17:33:42+00:00,860,Normal
2022-04-19 17:40:50+00:00,850,Normal
2022-04-19 17:43:42+00:00,317,Normal
2022-04-19 17:48:42+00:00,534,Normal
2022-04-19 17:53:46+00:00,523,Normal
2022-04-19 17:58:44+00:00,373,Normal
2022-04-19 18:03:42+00:00,0,Normal
2022-04-19 18:10:46+00:00,94,Normal
2022-04-19 18:13:43+00:00,0,Normal
2022-04-19 18:18:42+00:00,25,Normal
2022-04-19 18:23:42+00:00,0,Normal
2022-04-19 18:28:42+00:00,0,Normal
2022-04-19 18:33:42+00:00,0,Normal
2022-04-19 18:40:47+00:00,0,Normal
2022-04-19 18:43:44+00:00,8,Normal
2022-04-19 18:48:42+00:00,48,Normal
2022-04-19 18:53:41+00:00,17,Normal
2022-04-19 18:58:43+00:00,0,Normal
2022-04-19 19:03:45+00:00,0,Normal
2022-04-19 19:10:47+00:00,0,Normal
2022-04-19 19:13:45+00:00,0,Normal
2022-04-19 19:18:42+00:00,14,Normal
2022-04-19 19:23:43+00:00,0,Normal
2022-04-19 19:29:41+00:00,0,Normal
2022-04-19 19:33:42+00:00,0,Normal
2022-04-19 19:40:49+00:00,36,Normal
2022-04-19 19:43:42+00:00,6,Normal
2022-04-19 19:48:42+00:00,7,Normal
2022-04-19 19:53:43+00:00,0,Normal
2022-04-19 19:58:42+00:00,0,Normal
2022-04-19 20:03:43+00:00,0,Normal
2022-04-19 20:10:47+00:00,0,Normal
2022-04-19 20:13:42+00:00,0,Normal
2022-04-19 20:18:42+00:00,425,Normal
2022-04-19 20:23:42+00:00,540,Normal
2022-04-19 20:28:43+00:00,545,Normal
2022-04-19 20:33:42+00:00,542,Normal
2022-04-19 20:40:49+00:00,762,Normal
2022-04-19 20:43:41+00:00,346,Normal
2022-04-19 20:48:42+00:00,4,Normal
2022-04-19 20:53:42+00:00,12,Normal
2022-04-19 20:58:42+00:00,232,Normal
2022-04-19 21:03:42+00:00,32,Normal
2022-04-19 21:10:47+00:00,1041,Anomaly
2022-04-19 21:13:44+00:00,193,Normal
2022-04-19 21:18:43+00:00,216,Normal
2022-04-19 21:23:42+00:00,0,Normal
2022-04-19 21:28:43+00:00,0,Normal
2022-04-19 21:33:43+00:00,0,Normal
2022-04-19 21:40:46+00:00,196,Normal
2022-04-19 21:43:43+00:00,8,Normal
2022-04-19 21:48:43+00:00,0,Normal
2022-04-19 21:53:43+00:00,0,Normal
2022-04-19 21:58:43+00:00,7,Normal
2022-04-19 22:03:42+00:00,0,Normal
2022-04-19 22:10:46+00:00,0,Normal
2022-04-19 22:13:42+00:00,0,Normal
2022-04-19 22:18:42+00:00,0,Normal
2022-04-19 22:23:42+00:00,0,Normal
2022-04-19 22:28:42+00:00,0,Normal
2022-04-19 22:33:42+00:00,40,Normal
2022-04-19 22:40:50+00:00,804,Normal
2022-04-19 22:43:43+00:00,320,Normal
2022-04-19 22:48:42+00:00,497,Normal
2022-04-19 22:53:41+00:00,495,Normal
2022-04-19 22:58:43+00:00,506,Normal
2022-04-19 23:03:44+00:00,515,Normal
2022-04-19 23:10:46+00:00,712,Normal
2022-04-19 23:13:43+00:00,2,Normal
2022-04-19 23:18:42+00:00,0,Normal
2022-04-19 23:23:41+00:00,33,Normal
2022-04-19 23:28:42+00:00,0,Normal
2022-04-19 23:33:40+00:00,0,Normal
2022-04-19 23:40:46+00:00,415,Normal
2022-04-19 23:43:42+00:00,0,Normal
2022-04-19 23:48:42+00:00,27,Normal
2022-04-19 23:53:42+00:00,13,Normal
2022-04-19 23:58:43+00:00,12,Normal
2022-04-20 00:03:45+00:00,0,Normal
2022-04-20 00:10:51+00:00,40,Normal
2022-04-20 00:13:58+00:00,214,Normal
2022-04-20 01:13:43+00:00,2380,Anomaly
2022-04-20 01:23:43+00:00,1052,Anomaly
2022-04-20 01:28:43+00:00,523,Normal
2022-04-20 01:33:45+00:00,346,Normal
2022-04-20 01:40:46+00:00,0,Normal
2022-04-20 01:43:42+00:00,0,Normal
2022-04-20 01:48:42+00:00,0,Normal
2022-04-20 01:53:42+00:00,19,Normal
2022-04-20 01:58:44+00:00,3,Normal
2022-04-20 02:03:43+00:00,3,Normal
2022-04-20 02:10:44+00:00,0,Normal
2022-04-20 02:13:42+00:00,0,Normal
2022-04-20 02:18:42+00:00,166,Normal
2022-04-20 02:23:42+00:00,536,Normal
2022-04-20 02:28:43+00:00,562,Normal
2022-04-20 02:33:42+00:00,417,Normal
2022-04-20 02:40:45+00:00,237,Normal
2022-04-20 02:43:43+00:00,98,Normal
2022-04-20 02:48:43+00:00,167,Normal
2022-04-20 02:53:43+00:00,167,Normal
2022-04-20 02:58:43+00:00,167,Normal
2022-04-20 03:03:42+00:00,169,Normal
2022-04-20 03:10:45+00:00,43,Normal
2022-04-20 03:13:43+00:00,0,Normal
2022-04-20 03:18:42+00:00,0,Normal
2022-04-20 03:23:42+00:00,91,Normal
2022-04-20 03:28:43+00:00,170,Normal
2022-04-20 03:33:43+00:00,169,Normal
2022-04-20 03:40:45+00:00,240,Normal
2022-04-20 03:43:43+00:00,99,Normal
2022-04-20 03:48:43+00:00,170,Normal
2022-04-20 03:53:42+00:00,169,Normal
2022-04-20 03:58:43+00:00,166,Normal
2022-04-20 04:03:42+00:00,169,Normal
2022-04-20 04:10:47+00:00,239,Normal
2022-04-20 04:13:43+00:00,99,Normal
2022-04-20 04:18:43+00:00,168,Normal
2022-04-20 04:23:43+00:00,169,Normal
2022-04-20 04:28:43+00:00,169,Normal
2022-04-20 04:33:43+00:00,168,Normal
2022-04-20 04:40:46+00:00,54,Normal
2022-04-20 04:43:43+00:00,0,Normal
2022-04-20 04:48:43+00:00,21,Normal
2022-04-20 04:53:42+00:00,5,Normal
2022-04-20 04:58:43+00:00,9,Normal
2022-04-20 05:03:43+00:00,7,Normal
2022-04-20 05:10:45+00:00,4,Normal
2022-04-20 05:13:43+00:00,0,Normal
2022-04-20 05:18:44+00:00,0,Normal
2022-04-20 05:23:43+00:00,10,Normal
2022-04-20 05:28:42+00:00,0,Normal
2022-04-20 05:33:42+00:00,0,Normal
2022-04-20 05:40:46+00:00,0,Normal
2022-04-20 05:43:42+00:00,0,Normal
2022-04-20 05:48:42+00:00,0,Normal
2022-04-20 05:53:42+00:00,0,Normal
2022-04-20 05:58:43+00:00,0,Normal
2022-04-20 06:03:42+00:00,0,Normal
2022-04-20 06:10:46+00:00,0,Normal
2022-04-20 06:13:43+00:00,4,Normal
2022-04-20 06:18:43+00:00,3,Normal
2022-04-20 06:23:44+00:00,0,Normal
2022-04-20 06:28:43+00:00,20,Normal
2022-04-20 06:33:43+00:00,25,Normal
2022-04-20 06:40:45+00:00,7,Normal
2022-04-20 06:43:42+00:00,0,Normal
2022-04-20 06:48:42+00:00,125,Normal
2022-04-20 06:53:44+00:00,167,Normal
2022-04-20 06:58:44+00:00,168,Normal
2022-04-20 07:03:42+00:00,128,Normal
2022-04-20 07:10:47+00:00,183,Normal
2022-04-20 07:13:43+00:00,98,Normal
2022-04-20 07:18:43+00:00,110,Normal
2022-04-20 07:23:43+00:00,361,Normal
2022-04-20 07:28:42+00:00,531,Anomaly
2022-04-20 07:33:42+00:00,529,Normal
2022-04-20 07:40:45+00:00,750,Anomaly
2022-04-20 07:43:43+00:00,305,Normal
2022-04-20 07:48:44+00:00,518,Normal
2022-04-20 07:53:42+00:00,517,Normal
2022-04-20 07:58:43+00:00,470,Normal
2022-04-20 08:03:42+00:00,481,Normal
2022-04-20 08:10:45+00:00,734,Normal
2022-04-20 08:40:46+00:00,877,Normal
2022-04-20 08:43:43+00:00,0,Normal
2022-04-20 08:48:43+00:00,9,Normal
2022-04-20 08:53:43+00:00,0,Normal
2022-04-20 08:58:41+00:00,11,Normal
2022-04-20 09:03:42+00:00,0,Normal
2022-04-20 09:10:45+00:00,31,Normal
2022-04-20 09:13:42+00:00,35,Normal
2022-04-20 09:18:43+00:00,4,Normal
2022-04-20 09:23:45+00:00,0,Normal
2022-04-20 09:28:42+00:00,0,Normal
2022-04-20 09:33:43+00:00,13,Normal
2022-04-20 09:40:46+00:00,11,Normal
2022-04-20 09:43:42+00:00,4,Normal
2022-04-20 09:48:42+00:00,21,Normal
2022-04-20 09:53:42+00:00,0,Normal
2022-04-20 09:58:43+00:00,0,Normal
2022-04-20 10:03:42+00:00,31,Normal
2022-04-20 10:10:47+00:00,14,Normal
2022-04-20 10:13:42+00:00,4,Normal
2022-04-20 10:18:42+00:00,0,Normal
2022-04-20 10:23:41+00:00,13,Normal
2022-04-20 10:28:42+00:00,5,Normal
2022-04-20 10:33:42+00:00,4,Normal
2022-04-20 10:40:46+00:00,0,Normal
2022-04-20 10:43:43+00:00,0,Normal
2022-04-20 10:48:42+00:00,0,Normal
2022-04-20 10:53:42+00:00,0,Normal
2022-04-20 10:58:42+00:00,1634,Anomaly
2022-04-20 11:03:42+00:00,3922,Anomaly
2022-04-20 11:10:47+00:00,2798,Anomaly
2022-04-20 11:13:43+00:00,56,Normal
2022-04-20 11:18:43+00:00,99,Normal
2022-04-20 11:23:42+00:00,436,Normal
2022-04-20 11:28:42+00:00,527,Normal
2022-04-20 11:33:42+00:00,526,Normal
2022-04-20 11:40:46+00:00,749,Normal
2022-04-20 11:43:42+00:00,312,Normal
2022-04-20 11:48:42+00:00,530,Normal
2022-04-20 11:53:43+00:00,527,Normal
2022-04-20 11:58:42+00:00,532,Normal
2022-04-20 12:03:44+00:00,532,Normal
2022-04-20 12:10:46+00:00,761,Normal
2022-04-20 12:13:43+00:00,313,Normal
2022-04-20 12:18:41+00:00,541,Normal
2022-04-20 12:23:45+00:00,534,Normal
2022-04-20 12:28:41+00:00,520,Normal
2022-04-20 12:33:42+00:00,521,Normal
2022-04-20 12:40:47+00:00,1090,Anomaly
2022-04-20 12:43:42+00:00,341,Normal
2022-04-20 12:48:43+00:00,522,Normal
2022-04-20 12:53:45+00:00,533,Normal
2022-04-20 12:58:42+00:00,518,Normal
2022-04-20 13:03:42+00:00,313,Normal
2022-04-20 13:10:46+00:00,5,Normal
2022-04-20 13:13:43+00:00,0,Normal
2022-04-20 13:18:43+00:00,44,Normal
2022-04-20 13:23:43+00:00,10,Normal
2022-04-20 13:28:43+00:00,0,Normal
2022-04-20 13:33:43+00:00,0,Normal
2022-04-20 13:40:45+00:00,12,Normal
2022-04-20 13:43:43+00:00,0,Normal
2022-04-20 13:48:44+00:00,28,Normal
2022-04-20 13:53:42+00:00,0,Normal
2022-04-20 13:58:42+00:00,23,Normal
2022-04-20 14:03:42+00:00,2,Normal
2022-04-20 14:10:46+00:00,0,Normal
2022-04-20 14:13:45+00:00,182,Normal
2022-04-20 14:18:43+00:00,530,Normal
2022-04-20 14:23:45+00:00,536,Normal
2022-04-20 14:28:45+00:00,229,Normal
2022-04-20 14:33:44+00:00,527,Normal
2022-04-20 14:40:46+00:00,441,Normal
2022-04-20 14:43:43+00:00,102,Normal
2022-04-20 14:48:44+00:00,156,Normal
2022-04-20 14:53:43+00:00,204,Normal
2022-04-20 14:58:43+00:00,288,Normal
2022-04-20 15:03:44+00:00,287,Normal
2022-04-20 15:10:47+00:00,368,Normal
2022-04-20 15:13:46+00:00,145,Normal
2022-04-20 15:18:42+00:00,282,Normal
2022-04-20 15:23:42+00:00,236,Normal
2022-04-20 15:28:43+00:00,0,Normal
2022-04-20 15:33:42+00:00,0,Normal
2022-04-20 15:40:46+00:00,276,Normal
2022-04-20 15:43:42+00:00,167,Normal
2022-04-20 15:48:43+00:00,283,Normal
2022-04-20 15:53:43+00:00,286,Normal
2022-04-20 15:58:44+00:00,286,Normal
2022-04-20 16:03:44+00:00,287,Normal
2022-04-20 16:10:46+00:00,405,Normal
2022-04-20 16:13:42+00:00,293,Normal
2022-04-20 16:18:42+00:00,608,Normal
2022-04-20 16:23:41+00:00,545,Normal
2022-04-20 16:28:43+00:00,537,Normal
2022-04-20 16:33:44+00:00,514,Normal
2022-04-20 16:40:45+00:00,673,Normal
2022-04-20 16:43:42+00:00,296,Normal
2022-04-20 16:48:42+00:00,501,Normal
2022-04-20 16:53:41+00:00,525,Normal
2022-04-20 16:58:43+00:00,526,Normal
2022-04-20 17:03:41+00:00,530,Normal
2022-04-20 17:10:46+00:00,772,Normal
2022-04-20 17:13:43+00:00,324,Normal
2022-04-20 17:18:46+00:00,553,Normal
2022-04-20 17:23:42+00:00,543,Normal
2022-04-20 17:28:42+00:00,143,Normal
2022-04-20 17:33:45+00:00,129,Normal
2022-04-20 17:40:48+00:00,196,Normal
2022-04-20 17:43:47+00:00,75,Normal
2022-04-20 17:48:45+00:00,140,Normal
2022-04-20 17:53:44+00:00,147,Normal
2022-04-20 17:58:44+00:00,44,Normal
2022-04-20 18:03:44+00:00,521,Normal
2022-04-20 18:10:46+00:00,214,Normal
2022-04-20 18:13:43+00:00,0,Normal
2022-04-20 18:18:43+00:00,11,Normal
2022-04-20 18:23:45+00:00,19,Normal
2022-04-20 18:28:46+00:00,31,Normal
2022-04-20 18:33:44+00:00,7,Normal
2022-04-20 18:40:45+00:00,15,Normal
2022-04-20 18:43:43+00:00,9,Normal
2022-04-20 18:48:44+00:00,11,Normal
2022-04-20 18:53:44+00:00,3,Normal
2022-04-20 18:58:42+00:00,42,Normal
2022-04-20 19:03:43+00:00,7,Normal
2022-04-20 19:10:44+00:00,39,Normal
2022-04-20 19:13:43+00:00,11,Normal
2022-04-20 19:18:43+00:00,13,Normal
2022-04-20 19:23:43+00:00,17,Normal
2022-04-20 19:28:44+00:00,42,Normal
2022-04-20 19:33:44+00:00,311,Normal
2022-04-20 19:40:46+00:00,29,Normal
2022-04-20 19:43:42+00:00,4,Normal
2022-04-20 19:48:43+00:00,518,Normal
2022-04-20 19:53:46+00:00,522,Normal
2022-04-20 19:58:45+00:00,537,Normal
2022-04-20 20:03:42+00:00,536,Normal
2022-04-20 20:10:46+00:00,755,Normal
2022-04-20 20:13:44+00:00,313,Normal
2022-04-20 20:18:45+00:00,533,Normal
2022-04-20 20:23:47+00:00,509,Normal
2022-04-20 20:28:45+00:00,524,Normal
2022-04-20 20:33:42+00:00,540,Normal
2022-04-20 20:40:45+00:00,290,Normal
2022-04-20 20:43:41+00:00,0,Normal
2022-04-20 20:48:45+00:00,8,Normal
2022-04-20 20:53:49+00:00,0,Normal
2022-04-20 20:58:42+00:00,0,Normal
2022-04-20 21:03:45+00:00,22,Normal
2022-04-20 21:10:46+00:00,757,Normal
2022-04-20 21:13:44+00:00,253,Normal
2022-04-20 21:18:44+00:00,15,Normal
2022-04-20 21:23:43+00:00,485,Normal
2022-04-20 21:28:44+00:00,102,Normal
2022-04-20 21:33:44+00:00,239,Normal
2022-04-20 21:40:45+00:00,84,Normal
2022-04-20 21:43:44+00:00,4,Normal
2022-04-20 21:48:44+00:00,37,Normal
2022-04-20 21:53:44+00:00,20,Normal
2022-04-20 21:58:44+00:00,117,Normal
2022-04-20 22:03:43+00:00,6,Normal
2022-04-20 22:10:45+00:00,4,Normal
2022-04-20 22:13:43+00:00,7,Normal
2022-04-20 22:18:45+00:00,21,Normal
2022-04-20 22:23:42+00:00,2,Normal
2022-04-20 22:28:43+00:00,12,Normal
2022-04-20 22:33:43+00:00,12,Normal
2022-04-20 22:40:45+00:00,0,Normal
2022-04-20 22:43:43+00:00,229,Normal
2022-04-20 22:48:43+00:00,862,Normal
2022-04-20 22:53:45+00:00,863,Normal
2022-04-20 22:58:47+00:00,480,Normal
2022-04-20 23:03:43+00:00,0,Normal
2022-04-20 23:10:45+00:00,182,Normal
2022-04-20 23:13:45+00:00,7,Normal
2022-04-20 23:18:42+00:00,0,Normal
2022-04-20 23:23:43+00:00,19,Normal
2022-04-20 23:28:44+00:00,0,Normal
2022-04-20 23:33:44+00:00,14,Normal
2022-04-20 23:40:46+00:00,76,Normal
2022-04-20 23:43:44+00:00,3,Normal
2022-04-20 23:48:43+00:00,5,Normal
2022-04-20 23:53:45+00:00,0,Normal
2022-04-20 23:58:46+00:00,13,Normal
2022-04-21 00:03:44+00:00,95,Normal
2022-04-21 00:10:45+00:00,2,Normal
2022-04-21 00:13:44+00:00,0,Normal
2022-04-21 00:18:42+00:00,19,Normal
2022-04-21 00:23:43+00:00,235,Normal
2022-04-21 00:28:44+00:00,0,Normal
2022-04-21 00:33:43+00:00,0,Normal
2022-04-21 00:40:46+00:00,81,Normal
2022-04-21 00:43:44+00:00,233,Normal
2022-04-21 00:48:42+00:00,605,Normal
2022-04-21 00:53:42+00:00,532,Normal
2022-04-21 00:58:43+00:00,532,Normal
2022-04-21 01:03:42+00:00,529,Normal
2022-04-21 01:10:46+00:00,770,Normal
2022-04-21 01:13:44+00:00,320,Normal
2022-04-21 01:18:44+00:00,538,Normal
2022-04-21 01:23:41+00:00,528,Normal
2022-04-21 01:28:43+00:00,533,Normal
2022-04-21 01:33:44+00:00,526,Normal
2022-04-21 01:40:47+00:00,761,Normal
2022-04-21 01:43:42+00:00,222,Normal
2022-04-21 01:48:44+00:00,39,Normal
2022-04-21 01:53:43+00:00,25,Normal
2022-04-21 01:58:43+00:00,309,Normal
2022-04-21 02:03:43+00:00,824,Normal
2022-04-21 02:10:46+00:00,104,Normal
2022-04-21 02:13:43+00:00,26,Normal
2022-04-21 02:18:43+00:00,13,Normal
2022-04-21 02:23:43+00:00,6,Normal
2022-04-21 02:28:43+00:00,4,Normal
2022-04-21 02:33:43+00:00,9,Normal
2022-04-21 02:40:45+00:00,575,Normal
2022-04-21 02:43:44+00:00,3,Normal
2022-04-21 02:48:43+00:00,0,Normal
2022-04-21 02:53:43+00:00,0,Normal
2022-04-21 02:58:42+00:00,243,Normal
2022-04-21 03:03:42+00:00,535,Normal
2022-04-21 03:10:46+00:00,318,Normal
2022-04-21 03:13:42+00:00,0,Normal
2022-04-21 03:18:42+00:00,14,Normal
2022-04-21 03:23:43+00:00,2,Normal
2022-04-21 03:28:42+00:00,44,Normal
2022-04-21 03:33:43+00:00,43,Normal
2022-04-21 03:40:46+00:00,87,Normal
2022-04-21 03:43:44+00:00,194,Normal
2022-04-21 03:48:42+00:00,548,Normal
2022-04-21 03:53:46+00:00,540,Normal
2022-04-21 03:58:42+00:00,533,Normal
2022-04-21 04:03:42+00:00,531,Normal
2022-04-21 04:10:48+00:00,749,Normal
2022-04-21 04:13:42+00:00,311,Normal
2022-04-21 04:18:43+00:00,117,Normal
2022-04-21 04:23:44+00:00,0,Normal
2022-04-21 04:28:45+00:00,0,Normal
2022-04-21 04:33:43+00:00,5,Normal
2022-04-21 04:40:46+00:00,0,Normal
2022-04-21 04:43:43+00:00,0,Normal
2022-04-21 04:48:43+00:00,7,Normal
2022-04-21 04:53:43+00:00,20,Normal
2022-04-21 04:58:43+00:00,37,Normal
2022-04-21 05:03:43+00:00,21,Normal
2022-04-21 05:10:48+00:00,0,Normal
2022-04-21 05:13:42+00:00,0,Normal
2022-04-21 05:18:43+00:00,0,Normal
2022-04-21 05:23:42+00:00,11,Normal
2022-04-21 05:28:43+00:00,23,Normal
2022-04-21 05:33:43+00:00,37,Normal
2022-04-21 05:40:45+00:00,6,Normal
2022-04-21 05:43:44+00:00,18,Normal
2022-04-21 05:48:43+00:00,99,Normal
2022-04-21 05:53:43+00:00,114,Normal
2022-04-21 05:58:42+00:00,9,Normal
2022-04-21 06:03:43+00:00,77,Normal
2022-04-21 06:10:47+00:00,54,Normal
2022-04-21 06:13:42+00:00,19,Normal
2022-04-21 06:18:44+00:00,104,Normal
2022-04-21 06:23:42+00:00,27,Normal
2022-04-21 06:28:43+00:00,53,Normal
2022-04-21 06:33:44+00:00,18,Normal
2022-04-21 06:40:48+00:00,12,Normal
2022-04-21 06:43:43+00:00,15,Normal
2022-04-21 06:48:44+00:00,0,Normal
2022-04-21 06:53:43+00:00,0,Normal
2022-04-21 06:58:42+00:00,368,Normal
2022-04-21 07:03:44+00:00,543,Normal
2022-04-21 07:10:46+00:00,746,Normal
2022-04-21 07:13:44+00:00,322,Normal
2022-04-21 07:18:43+00:00,270,Normal
2022-04-21 07:23:43+00:00,473,Normal
2022-04-21 07:28:43+00:00,472,Normal
2022-04-21 07:33:41+00:00,500,Normal
2022-04-21 07:40:46+00:00,642,Normal
2022-04-21 07:43:42+00:00,293,Normal
2022-04-21 07:48:41+00:00,502,Normal
2022-04-21 07:53:44+00:00,430,Normal
2022-04-21 07:58:43+00:00,537,Normal
2022-04-21 08:03:43+00:00,511,Normal
2022-04-21 08:10:47+00:00,695,Normal
2022-04-21 08:13:45+00:00,278,Normal
2022-04-21 08:18:43+00:00,506,Normal
2022-04-21 08:23:41+00:00,178,Normal
2022-04-21 08:28:45+00:00,56,Normal
2022-04-21 08:33:44+00:00,25,Normal
2022-04-21 08:40:49+00:00,43,Normal
2022-04-21 08:43:44+00:00,0,Normal
2022-04-21 08:48:44+00:00,0,Normal
2022-04-21 08:53:44+00:00,209,Normal
2022-04-21 08:58:43+00:00,42,Normal
2022-04-21 09:03:43+00:00,26,Normal
2022-04-21 09:10:47+00:00,21,Normal
2022-04-21 09:13:44+00:00,17,Normal
2022-04-21 09:18:43+00:00,1,Normal
2022-04-21 09:23:42+00:00,31,Normal
2022-04-21 09:28:43+00:00,15,Normal
2022-04-21 09:33:42+00:00,4,Normal
2022-04-21 09:40:48+00:00,44,Normal
2022-04-21 09:43:42+00:00,25,Normal
2022-04-21 09:48:44+00:00,14,Normal
2022-04-21 09:53:42+00:00,10,Normal
2022-04-21 09:58:41+00:00,361,Normal
2022-04-21 10:03:42+00:00,8,Normal
2022-04-21 10:10:48+00:00,103,Normal
2022-04-21 10:13:44+00:00,34,Normal
2022-04-21 10:18:43+00:00,34,Normal
2022-04-21 10:23:42+00:00,14,Normal
2022-04-21 10:28:43+00:00,143,Normal
2022-04-21 10:33:44+00:00,0,Normal
2022-04-21 10:40:47+00:00,7,Normal
2022-04-21 10:43:42+00:00,0,Normal
2022-04-21 10:48:43+00:00,9,Normal
2022-04-21 10:53:42+00:00,23,Normal
2022-04-21 10:58:43+00:00,0,Normal
2022-04-21 11:03:43+00:00,0,Normal
2022-04-21 11:10:48+00:00,23,Normal
2022-04-21 11:13:43+00:00,12,Normal
2022-04-21 11:18:43+00:00,19,Normal
2022-04-21 11:23:43+00:00,12,Normal
2022-04-21 11:28:43+00:00,6,Normal
2022-04-21 11:33:43+00:00,4,Normal
2022-04-21 11:40:48+00:00,16,Normal
2022-04-21 11:43:42+00:00,0,Normal
2022-04-21 11:48:43+00:00,28,Normal
2022-04-21 11:53:42+00:00,291,Normal
2022-04-21 11:58:42+00:00,269,Normal
2022-04-21 12:03:42+00:00,266,Normal
2022-04-21 12:10:46+00:00,377,Normal
2022-04-21 12:13:43+00:00,158,Normal
2022-04-21 12:18:43+00:00,272,Normal
2022-04-21 12:23:43+00:00,281,Normal
2022-04-21 12:28:42+00:00,281,Normal
2022-04-21 12:33:41+00:00,136,Normal
2022-04-21 12:40:48+00:00,15,Normal
2022-04-21 12:43:42+00:00,0,Normal
2022-04-21 12:48:42+00:00,65,Normal
2022-04-21 12:53:43+00:00,0,Normal
2022-04-21 12:58:42+00:00,18,Normal
2022-04-21 13:03:41+00:00,0,Normal
2022-04-21 13:10:46+00:00,8,Normal
2022-04-21 13:13:43+00:00,0,Normal
2022-04-21 13:18:43+00:00,0,Normal
2022-04-21 13:23:43+00:00,4,Normal
2022-04-21 13:28:42+00:00,2,Normal
2022-04-21 13:33:41+00:00,0,Normal
2022-04-21 13:40:46+00:00,13,Normal
2022-04-21 13:43:43+00:00,0,Normal
2022-04-21 13:48:43+00:00,0,Normal
2022-04-21 13:53:42+00:00,0,Normal
2022-04-21 13:58:44+00:00,0,Normal
2022-04-21 14:03:42+00:00,0,Normal
2022-04-21 14:10:48+00:00,0,Normal
2022-04-21 14:13:43+00:00,0,Normal
2022-04-21 14:18:44+00:00,0,Normal
2022-04-21 14:23:42+00:00,0,Normal
2022-04-21 14:28:43+00:00,128,Normal
2022-04-21 14:33:43+00:00,174,Normal
2022-04-21 14:40:48+00:00,244,Normal
2022-04-21 14:43:44+00:00,49,Normal
2022-04-21 14:48:44+00:00,453,Normal
2022-04-21 14:53:45+00:00,545,Normal
2022-04-21 14:58:45+00:00,541,Normal
2022-04-21 15:03:42+00:00,541,Normal
2022-04-21 15:10:49+00:00,770,Normal
2022-04-21 15:13:41+00:00,316,Normal
2022-04-21 15:18:42+00:00,534,Normal
2022-04-21 15:23:42+00:00,73,Normal
2022-04-21 15:40:47+00:00,287,Normal
2022-04-21 15:43:42+00:00,169,Normal
2022-04-21 15:48:44+00:00,7,Normal
2022-04-21 15:53:42+00:00,0,Normal
2022-04-21 15:58:45+00:00,44,Normal
2022-04-21 16:03:44+00:00,0,Normal
2022-04-21 16:10:46+00:00,860,Normal
2022-04-21 16:13:43+00:00,383,Normal
2022-04-21 16:18:43+00:00,525,Normal
2022-04-21 16:23:43+00:00,535,Normal
2022-04-21 16:28:42+00:00,528,Normal
2022-04-21 16:33:45+00:00,523,Normal
2022-04-21 16:40:47+00:00,127,Normal
2022-04-21 16:43:42+00:00,0,Normal
2022-04-21 16:48:43+00:00,52,Normal
2022-04-21 16:53:43+00:00,25,Normal
2022-04-21 16:58:43+00:00,15,Normal
2022-04-21 17:03:46+00:00,5,Normal
2022-04-21 17:10:47+00:00,13,Normal
2022-04-21 17:13:43+00:00,15,Normal
2022-04-21 17:18:43+00:00,4,Normal
2022-04-21 17:23:44+00:00,207,Normal
2022-04-21 17:28:42+00:00,0,Normal
2022-04-21 17:33:43+00:00,0,Normal
2022-04-21 17:40:48+00:00,6,Normal
2022-04-21 17:43:43+00:00,17,Normal
2022-04-21 17:48:44+00:00,679,Normal
2022-04-21 17:53:43+00:00,397,Normal
2022-04-21 18:03:46+00:00,22,Normal
2022-04-21 18:10:47+00:00,38,Normal
2022-04-21 18:13:43+00:00,24,Normal
2022-04-21 18:18:42+00:00,0,Normal
2022-04-21 18:23:46+00:00,10,Normal
2022-04-21 18:28:43+00:00,0,Normal
2022-04-21 18:33:44+00:00,272,Normal
2022-04-21 18:40:48+00:00,85,Normal
2022-04-21 18:43:45+00:00,4,Normal
2022-04-21 18:48:43+00:00,14,Normal
2022-04-21 18:53:43+00:00,46,Normal
2022-04-21 18:58:43+00:00,20,Normal
2022-04-21 19:03:44+00:00,22,Normal
2022-04-21 19:10:48+00:00,246,Normal
2022-04-21 19:13:43+00:00,304,Normal
2022-04-21 19:18:46+00:00,526,Normal
2022-04-21 19:23:44+00:00,534,Normal
2022-04-21 19:28:44+00:00,529,Normal
2022-04-21 19:33:44+00:00,519,Normal
2022-04-21 19:40:48+00:00,722,Normal
2022-04-21 19:43:48+00:00,302,Normal
2022-04-21 19:48:46+00:00,533,Normal
2022-04-21 19:53:44+00:00,533,Normal
2022-04-21 19:58:43+00:00,551,Normal
2022-04-21 20:03:42+00:00,557,Normal
2022-04-21 20:10:47+00:00,768,Normal
2022-04-21 20:13:44+00:00,54,Normal
2022-04-21 20:18:45+00:00,4,Normal
2022-04-21 20:23:44+00:00,0,Normal
2022-04-21 20:28:44+00:00,482,Normal
2022-04-21 20:33:44+00:00,455,Normal
2022-04-21 20:40:47+00:00,0,Normal
2022-04-21 20:43:44+00:00,34,Normal
2022-04-21 20:48:44+00:00,92,Normal
2022-04-21 20:53:42+00:00,22,Normal
2022-04-21 20:58:43+00:00,12,Normal
2022-04-21 21:03:42+00:00,0,Normal
2022-04-21 21:10:47+00:00,684,Normal
2022-04-21 21:13:45+00:00,319,Normal
2022-04-21 21:18:42+00:00,533,Normal
2022-04-21 21:23:44+00:00,508,Normal
2022-04-21 21:28:45+00:00,543,Normal
2022-04-21 21:33:45+00:00,544,Normal
2022-04-21 21:40:48+00:00,768,Normal
2022-04-21 21:43:44+00:00,320,Normal
2022-04-21 21:48:47+00:00,546,Normal
2022-04-21 21:53:44+00:00,548,Normal
2022-04-21 21:58:45+00:00,198,Normal
2022-04-21 22:10:47+00:00,531,Normal
2022-04-21 22:13:43+00:00,3,Normal
2022-04-21 22:18:44+00:00,446,Normal
2022-04-21 22:23:43+00:00,549,Normal
2022-04-21 22:28:42+00:00,530,Normal
2022-04-21 22:33:43+00:00,527,Normal
2022-04-21 22:40:50+00:00,755,Normal
2022-04-21 22:43:45+00:00,295,Normal
2022-04-21 22:48:46+00:00,0,Normal
2022-04-21 22:53:43+00:00,0,Normal
2022-04-21 22:58:42+00:00,0,Normal
2022-04-21 23:03:41+00:00,0,Normal
2022-04-21 23:10:48+00:00,558,Normal
2022-04-21 23:13:43+00:00,218,Normal
2022-04-21 23:18:45+00:00,0,Normal
2022-04-21 23:23:43+00:00,557,Normal
2022-04-21 23:28:43+00:00,383,Normal
2022-04-21 23:33:43+00:00,544,Normal
2022-04-21 23:40:47+00:00,770,Normal
2022-04-21 23:43:42+00:00,265,Normal
2022-04-21 23:48:42+00:00,516,Normal
2022-04-21 23:53:42+00:00,360,Normal
2022-04-21 23:58:43+00:00,0,Normal
2022-04-22 00:03:43+00:00,11,Normal
2022-04-22 00:13:42+00:00,625,Normal
2022-04-22 00:18:47+00:00,9,Normal
2022-04-22 00:23:41+00:00,7,Normal
2022-04-22 00:28:42+00:00,88,Normal
2022-04-22 00:33:43+00:00,226,Normal
2022-04-22 00:40:49+00:00,44,Normal
2022-04-22 00:43:43+00:00,3,Normal
2022-04-22 00:48:43+00:00,0,Normal
2022-04-22 00:53:56+00:00,21,Normal
2022-04-22 00:58:44+00:00,0,Normal
2022-04-22 01:10:46+00:00,14,Normal
2022-04-22 01:13:41+00:00,0,Normal
2022-04-22 01:18:42+00:00,13,Normal
2022-04-22 01:23:45+00:00,6,Normal
2022-04-22 01:28:45+00:00,14,Normal
2022-04-22 01:33:51+00:00,19,Normal
2022-04-22 01:40:51+00:00,567,Normal
2022-04-22 01:48:44+00:00,844,Normal
2022-04-22 02:03:44+00:00,1543,Anomaly
2022-04-22 02:10:48+00:00,132,Normal
2022-04-22 02:13:43+00:00,0,Normal
2022-04-22 02:18:44+00:00,20,Normal
2022-04-22 02:23:44+00:00,39,Normal
2022-04-22 02:28:42+00:00,20,Normal
2022-04-22 02:33:45+00:00,0,Normal
2022-04-22 02:43:43+00:00,9,Normal
2022-04-22 02:48:43+00:00,815,Normal
2022-04-22 02:58:45+00:00,930,Anomaly
2022-04-22 03:03:44+00:00,365,Normal
2022-04-22 03:10:46+00:00,10,Normal
2022-04-22 03:13:44+00:00,4,Normal
2022-04-22 03:28:48+00:00,805,Normal
2022-04-22 03:33:41+00:00,495,Normal
2022-04-22 03:40:48+00:00,241,Normal
2022-04-22 03:48:43+00:00,17,Normal
2022-04-22 03:58:43+00:00,23,Normal
2022-04-22 04:03:43+00:00,12,Normal
2022-04-22 04:10:46+00:00,23,Normal
2022-04-22 04:18:43+00:00,17,Normal
2022-04-22 04:40:48+00:00,32,Normal
2022-04-22 04:43:44+00:00,0,Normal
2022-04-22 04:48:45+00:00,12,Normal
2022-04-22 04:53:44+00:00,236,Normal
2022-04-22 05:03:43+00:00,624,Normal
2022-04-22 05:10:47+00:00,700,Normal
2022-04-22 05:13:45+00:00,285,Normal
2022-04-22 05:18:45+00:00,503,Normal
2022-04-22 05:23:44+00:00,273,Normal
2022-04-22 05:28:43+00:00,31,Normal
2022-04-22 05:33:43+00:00,5,Normal
2022-04-22 05:40:47+00:00,15,Normal
2022-04-22 05:43:43+00:00,3,Normal
2022-04-22 05:48:44+00:00,16,Normal
2022-04-22 05:53:44+00:00,74,Normal
2022-04-22 05:58:42+00:00,1,Normal
2022-04-22 06:03:43+00:00,0,Normal
2022-04-22 06:10:49+00:00,679,Normal
2022-04-22 06:13:44+00:00,250,Normal
2022-04-22 06:18:43+00:00,499,Normal
2022-04-22 06:23:43+00:00,494,Normal
2022-04-22 06:28:43+00:00,500,Normal
2022-04-22 06:33:43+00:00,508,Normal
2022-04-22 06:40:46+00:00,767,Normal
2022-04-22 06:43:44+00:00,41,Normal
2022-04-22 06:48:44+00:00,8,Normal
2022-04-22 06:53:46+00:00,4,Normal
2022-04-22 06:58:43+00:00,0,Normal
2022-04-22 07:03:42+00:00,285,Normal
2022-04-22 07:10:48+00:00,23,Normal
2022-04-22 07:13:43+00:00,2,Normal
2022-04-22 07:18:44+00:00,8,Normal
2022-04-22 07:23:46+00:00,22,Normal
2022-04-22 07:28:45+00:00,22,Normal
2022-04-22 07:33:44+00:00,38,Normal
2022-04-22 07:40:47+00:00,47,Normal
2022-04-22 07:43:44+00:00,19,Normal
2022-04-22 07:48:43+00:00,38,Normal
2022-04-22 07:53:46+00:00,424,Normal
2022-04-22 07:58:44+00:00,376,Normal
2022-04-22 08:03:45+00:00,2,Normal
2022-04-22 08:10:46+00:00,0,Normal
2022-04-22 08:13:43+00:00,0,Normal
2022-04-22 08:18:45+00:00,4,Normal
2022-04-22 08:23:43+00:00,28,Normal
2022-04-22 08:28:43+00:00,31,Normal
2022-04-22 08:33:44+00:00,50,Normal
2022-04-22 08:40:49+00:00,123,Normal
2022-04-22 08:43:43+00:00,5,Normal
2022-04-22 08:48:41+00:00,19,Normal
2022-04-22 08:53:43+00:00,50,Normal
2022-04-22 08:58:43+00:00,0,Normal
2022-04-22 09:03:43+00:00,3,Normal
2022-04-22 09:10:48+00:00,61,Normal
2022-04-22 09:13:45+00:00,86,Normal
2022-04-22 09:18:43+00:00,517,Normal
2022-04-22 09:23:43+00:00,516,Normal
2022-04-22 09:28:45+00:00,509,Normal
2022-04-22 09:33:43+00:00,501,Normal
2022-04-22 09:40:47+00:00,712,Normal
2022-04-22 09:43:43+00:00,282,Normal
2022-04-22 09:48:43+00:00,495,Normal
2022-04-22 09:53:42+00:00,494,Normal
2022-04-22 09:58:43+00:00,501,Normal
2022-04-22 10:03:43+00:00,503,Normal
2022-04-22 10:10:47+00:00,695,Normal
2022-04-22 10:13:44+00:00,293,Normal
2022-04-22 10:18:46+00:00,497,Normal
2022-04-22 10:23:44+00:00,498,Normal
2022-04-22 10:28:43+00:00,503,Normal
2022-04-22 10:33:44+00:00,506,Normal
2022-04-22 10:40:48+00:00,697,Normal
2022-04-22 10:43:42+00:00,297,Normal
2022-04-22 10:48:43+00:00,492,Normal
2022-04-22 10:53:44+00:00,508,Normal
2022-04-22 10:58:44+00:00,506,Normal
2022-04-22 11:03:42+00:00,504,Normal
2022-04-22 11:10:47+00:00,716,Normal
2022-04-22 11:13:42+00:00,211,Normal
2022-04-22 11:18:43+00:00,4,Normal
2022-04-22 11:23:44+00:00,0,Normal
2022-04-22 11:28:43+00:00,0,Normal
2022-04-22 11:33:43+00:00,11,Normal
2022-04-22 11:40:47+00:00,17,Normal
2022-04-22 11:43:43+00:00,3,Normal
2022-04-22 11:48:43+00:00,33,Normal
2022-04-22 11:53:45+00:00,129,Normal
2022-04-22 11:58:44+00:00,0,Normal
2022-04-22 12:03:45+00:00,15,Normal
2022-04-22 12:10:49+00:00,5,Normal
2022-04-22 12:13:45+00:00,29,Normal
2022-04-22 12:18:44+00:00,83,Normal
2022-04-22 12:23:42+00:00,2,Normal
2022-04-22 12:28:42+00:00,0,Normal
2022-04-22 12:33:43+00:00,0,Normal
2022-04-22 12:40:47+00:00,0,Normal
2022-04-22 12:43:41+00:00,0,Normal
2022-04-22 12:48:42+00:00,0,Normal
2022-04-22 12:53:44+00:00,0,Normal
2022-04-22 12:58:43+00:00,0,Normal
2022-04-22 13:03:42+00:00,65,Normal
2022-04-22 13:10:48+00:00,719,Normal
2022-04-22 13:13:42+00:00,301,Normal
2022-04-22 13:18:43+00:00,517,Normal
2022-04-22 13:23:43+00:00,517,Normal
2022-04-22 13:28:42+00:00,500,Normal
2022-04-22 13:33:42+00:00,512,Normal
2022-04-22 13:40:50+00:00,730,Normal
2022-04-22 13:43:42+00:00,303,Normal
2022-04-22 13:48:42+00:00,516,Normal
2022-04-22 13:53:42+00:00,487,Normal
2022-04-22 13:58:45+00:00,16,Normal
2022-04-22 14:03:44+00:00,39,Normal
2022-04-22 14:10:47+00:00,0,Normal
2022-04-22 14:13:43+00:00,0,Normal
2022-04-22 14:18:43+00:00,0,Normal
2022-04-22 14:23:42+00:00,0,Normal
2022-04-22 14:28:42+00:00,0,Normal
2022-04-22 14:33:43+00:00,0,Normal
2022-04-22 14:40:47+00:00,9,Normal
2022-04-22 14:43:41+00:00,0,Normal
2022-04-22 14:48:42+00:00,0,Normal
2022-04-22 14:53:41+00:00,0,Normal
2022-04-22 14:58:43+00:00,0,Normal
2022-04-22 15:03:44+00:00,0,Normal
2022-04-22 15:10:52+00:00,0,Normal
2022-04-22 15:13:44+00:00,0,Normal
2022-04-22 15:18:43+00:00,8,Normal
2022-04-22 15:23:43+00:00,0,Normal
2022-04-22 15:28:45+00:00,0,Normal
2022-04-22 15:33:42+00:00,273,Normal
2022-04-22 15:40:46+00:00,0,Normal
2022-04-22 15:43:44+00:00,12,Normal
2022-04-22 15:48:41+00:00,8,Normal
2022-04-22 15:53:43+00:00,4,Normal
2022-04-22 15:58:44+00:00,149,Normal
2022-04-22 16:03:42+00:00,518,Normal
2022-04-22 16:10:48+00:00,714,Normal
2022-04-22 16:13:45+00:00,293,Normal
2022-04-22 16:18:45+00:00,518,Normal
2022-04-22 16:23:46+00:00,78,Normal
2022-04-22 16:28:43+00:00,0,Normal
2022-04-22 16:33:43+00:00,92,Normal
2022-04-22 16:40:49+00:00,322,Normal
2022-04-22 16:43:43+00:00,77,Normal
2022-04-22 16:48:46+00:00,3,Normal
2022-04-22 16:53:44+00:00,0,Normal
2022-04-22 16:58:50+00:00,0,Normal
2022-04-22 17:03:43+00:00,0,Normal
2022-04-22 17:10:48+00:00,0,Normal
2022-04-22 17:13:45+00:00,0,Normal
2022-04-22 17:18:43+00:00,656,Normal
2022-04-22 17:23:43+00:00,781,Normal
2022-04-22 17:28:44+00:00,7,Normal
2022-04-22 17:33:43+00:00,0,Normal
2022-04-22 17:40:50+00:00,502,Normal
2022-04-22 17:43:44+00:00,0,Normal
2022-04-22 17:48:44+00:00,0,Normal
2022-04-22 17:53:44+00:00,8,Normal
2022-04-22 17:58:44+00:00,7,Normal
2022-04-22 18:03:42+00:00,0,Normal
2022-04-22 18:40:49+00:00,2036,Anomaly
2022-04-22 18:43:43+00:00,306,Normal
2022-04-22 18:48:42+00:00,513,Normal
2022-04-22 18:53:44+00:00,22,Normal
2022-04-22 18:58:43+00:00,14,Normal
2022-04-22 19:03:45+00:00,0,Normal
2022-04-22 19:10:47+00:00,60,Normal
2022-04-22 19:13:45+00:00,0,Normal
2022-04-22 19:18:42+00:00,0,Normal
2022-04-22 19:23:45+00:00,4,Normal
2022-04-22 19:28:44+00:00,4,Normal
2022-04-22 19:33:42+00:00,28,Normal
2022-04-22 19:40:47+00:00,6,Normal
2022-04-22 19:43:42+00:00,0,Normal
2022-04-22 19:48:43+00:00,889,Normal
2022-04-22 19:53:41+00:00,392,Normal
2022-04-22 19:58:46+00:00,0,Normal
2022-04-22 20:03:42+00:00,0,Normal
2022-04-22 20:10:46+00:00,0,Normal
2022-04-22 20:13:43+00:00,0,Normal
2022-04-22 20:18:44+00:00,0,Normal
2022-04-22 20:23:43+00:00,0,Normal
2022-04-22 20:28:44+00:00,0,Normal
2022-04-22 20:33:45+00:00,228,Normal
2022-04-22 20:40:47+00:00,209,Normal
2022-04-22 20:43:42+00:00,0,Normal
2022-04-22 20:48:42+00:00,90,Normal
2022-04-22 20:53:42+00:00,521,Normal
2022-04-22 20:58:42+00:00,385,Normal
2022-04-22 21:03:44+00:00,545,Normal
2022-04-22 21:10:46+00:00,763,Normal
2022-04-22 21:13:41+00:00,290,Normal
2022-04-22 21:18:41+00:00,99,Normal
2022-04-22 21:23:44+00:00,1,Normal
2022-04-22 21:28:41+00:00,0,Normal
2022-04-22 21:33:42+00:00,0,Normal
2022-04-22 21:40:49+00:00,1,Normal
2022-04-22 21:43:42+00:00,0,Normal
2022-04-22 21:48:43+00:00,0,Normal
2022-04-22 21:53:44+00:00,0,Normal
2022-04-22 21:58:43+00:00,0,Normal
2022-04-22 22:03:41+00:00,0,Normal
2022-04-22 22:10:47+00:00,0,Normal
2022-04-22 22:13:43+00:00,0,Normal
2022-04-22 22:18:43+00:00,0,Normal
2022-04-22 22:24:12+00:00,0,Normal
2022-04-22 22:28:42+00:00,13,Normal
2022-04-22 22:33:41+00:00,8,Normal
2022-04-22 22:40:47+00:00,738,Normal
2022-04-22 22:43:42+00:00,302,Normal
2022-04-22 22:48:41+00:00,483,Normal
2022-04-22 22:53:41+00:00,401,Normal
2022-04-22 22:58:42+00:00,498,Normal
2022-04-22 23:03:41+00:00,494,Normal
2022-04-22 23:10:47+00:00,311,Normal
2022-04-22 23:13:43+00:00,96,Normal
2022-04-22 23:18:41+00:00,165,Normal
2022-04-22 23:23:42+00:00,166,Normal
2022-04-22 23:28:48+00:00,175,Normal
2022-04-22 23:33:42+00:00,173,Normal
2022-04-22 23:40:49+00:00,243,Normal
2022-04-22 23:43:43+00:00,101,Normal
2022-04-22 23:48:45+00:00,173,Normal
2022-04-22 23:53:43+00:00,173,Normal
2022-04-22 23:58:45+00:00,172,Normal
2022-04-23 23:58:23+00:00,467.9,Normal
2022-04-23 00:03:42+00:00,170,Normal
2022-04-23 00:10:48+00:00,240,Normal
2022-04-23 00:13:44+00:00,99,Normal
2022-04-23 00:18:43+00:00,170,Normal
2022-04-23 00:23:43+00:00,168,Normal
2022-04-23 00:28:43+00:00,170,Normal
2022-04-23 00:33:43+00:00,168,Normal
2022-04-23 00:40:48+00:00,237,Normal
2022-04-23 00:43:45+00:00,98,Normal
2022-04-23 00:48:42+00:00,168,Normal
2022-04-23 00:53:44+00:00,166,Normal
2022-04-23 00:58:42+00:00,168,Normal
2022-04-23 01:03:44+00:00,167,Normal
2022-04-23 01:10:48+00:00,235,Normal
2022-04-23 01:13:44+00:00,97,Normal
2022-04-23 01:18:43+00:00,167,Normal
2022-04-23 01:23:43+00:00,164,Normal
2022-04-23 01:28:44+00:00,158,Normal
2022-04-23 01:33:44+00:00,162,Normal
2022-04-23 01:40:48+00:00,229,Normal
2022-04-23 01:43:43+00:00,99,Normal
2022-04-23 01:48:43+00:00,169,Normal
2022-04-23 01:53:42+00:00,164,Normal
2022-04-23 01:58:43+00:00,162,Normal
2022-04-23 02:03:45+00:00,376,Normal
2022-04-23 02:10:48+00:00,703,Normal
2022-04-23 02:13:41+00:00,303,Normal
2022-04-23 02:18:42+00:00,551,Normal
2022-04-23 02:23:44+00:00,557,Normal
2022-04-23 02:28:43+00:00,557,Normal
2022-04-23 02:33:44+00:00,556,Normal
2022-04-23 02:40:49+00:00,784,Normal
2022-04-23 02:43:45+00:00,324,Normal
2022-04-23 02:48:45+00:00,553,Normal
2022-04-23 02:53:42+00:00,553,Normal
2022-04-23 02:58:44+00:00,552,Normal
2022-04-23 03:03:42+00:00,116,Normal
2022-04-23 03:10:48+00:00,39,Normal
2022-04-23 03:13:44+00:00,0,Normal
2022-04-23 03:18:43+00:00,0,Normal
2022-04-23 03:23:44+00:00,45,Normal
2022-04-23 03:28:44+00:00,0,Normal
2022-04-23 03:33:47+00:00,7,Normal
2022-04-23 03:40:49+00:00,68,Normal
2022-04-23 03:43:45+00:00,39,Normal
2022-04-23 03:48:43+00:00,0,Normal
2022-04-23 03:53:44+00:00,0,Normal
2022-04-23 03:58:44+00:00,780,Normal
2022-04-23 04:03:44+00:00,853,Normal
2022-04-23 04:10:46+00:00,264,Normal
2022-04-23 04:13:42+00:00,164,Normal
2022-04-23 04:18:42+00:00,83,Normal
2022-04-23 04:23:43+00:00,120,Normal
2022-04-23 04:28:44+00:00,533,Normal
2022-04-23 05:13:42+00:00,567,Normal
2022-04-23 05:18:41+00:00,0,Normal
2022-04-23 05:23:42+00:00,27,Normal
2022-04-23 05:28:43+00:00,81,Normal
2022-04-23 05:33:41+00:00,238,Normal
2022-04-23 05:40:48+00:00,0,Normal
2022-04-23 05:43:44+00:00,0,Normal
2022-04-23 05:48:42+00:00,2,Normal
2022-04-23 05:53:43+00:00,60,Normal
2022-04-23 05:58:42+00:00,13,Normal
2022-04-23 06:03:41+00:00,2,Normal
2022-04-23 06:10:51+00:00,36,Normal
2022-04-23 06:13:43+00:00,107,Normal
2022-04-23 06:18:44+00:00,466,Normal
2022-04-23 06:23:45+00:00,451,Normal
2022-04-23 06:28:45+00:00,227,Normal
2022-04-23 06:33:48+00:00,3,Normal
2022-04-23 06:40:48+00:00,95,Normal
2022-04-23 06:43:45+00:00,105,Normal
2022-04-23 06:48:45+00:00,687,Normal
2022-04-23 06:53:43+00:00,451,Normal
2022-04-23 06:58:43+00:00,12,Normal
2022-04-23 07:03:45+00:00,19,Normal
2022-04-23 07:10:50+00:00,66,Normal
2022-04-23 07:13:45+00:00,285,Normal
2022-04-23 07:18:44+00:00,468,Normal
2022-04-23 07:23:44+00:00,489,Normal
2022-04-23 07:28:43+00:00,146,Normal
2022-04-23 07:33:44+00:00,178,Normal
2022-04-23 07:40:51+00:00,9,Normal
2022-04-23 07:43:43+00:00,71,Normal
2022-04-23 07:48:44+00:00,418,Normal
2022-04-23 07:53:43+00:00,458,Normal
2022-04-23 07:58:43+00:00,484,Normal
2022-04-23 08:03:42+00:00,154,Normal
2022-04-23 08:10:46+00:00,180,Normal
2022-04-23 08:13:43+00:00,45,Normal
2022-04-23 08:18:43+00:00,27,Normal
2022-04-23 08:23:43+00:00,81,Normal
2022-04-23 08:28:44+00:00,71,Normal
2022-04-23 08:33:47+00:00,23,Normal
2022-04-23 08:40:47+00:00,11,Normal
2022-04-23 08:43:45+00:00,0,Normal
2022-04-23 08:48:43+00:00,16,Normal
2022-04-23 08:53:44+00:00,16,Normal
2022-04-23 08:58:46+00:00,87,Normal
2022-04-23 09:03:44+00:00,96,Normal
2022-04-23 09:10:48+00:00,253,Normal
2022-04-23 09:13:43+00:00,3,Normal
2022-04-23 09:18:46+00:00,4,Normal
2022-04-23 09:23:43+00:00,3,Normal
2022-04-23 09:28:43+00:00,10,Normal
2022-04-23 09:33:42+00:00,2,Normal
2022-04-23 09:40:48+00:00,35,Normal
2022-04-23 09:43:46+00:00,15,Normal
2022-04-23 09:48:45+00:00,7,Normal
2022-04-23 09:53:42+00:00,16,Normal
2022-04-23 09:58:45+00:00,100,Normal
2022-04-23 10:03:43+00:00,120,Normal
2022-04-23 10:10:47+00:00,71,Normal
2022-04-23 10:13:42+00:00,10,Normal
2022-04-23 10:18:43+00:00,9,Normal
2022-04-23 10:23:45+00:00,362,Normal
2022-04-23 10:28:47+00:00,508,Normal
2022-04-23 10:33:43+00:00,506,Normal
2022-04-23 10:40:48+00:00,712,Normal
2022-04-23 10:43:43+00:00,297,Normal
2022-04-23 10:48:42+00:00,492,Normal
2022-04-23 10:53:44+00:00,481,Normal
2022-04-23 10:58:43+00:00,500,Normal
2022-04-23 11:03:42+00:00,492,Normal
2022-04-23 11:10:49+00:00,704,Normal
2022-04-23 11:13:43+00:00,292,Normal
2022-04-23 11:18:44+00:00,501,Normal
2022-04-23 11:23:43+00:00,359,Normal
2022-04-23 11:28:44+00:00,0,Normal
2022-04-23 11:33:43+00:00,0,Normal
2022-04-23 11:40:48+00:00,13,Normal
2022-04-23 11:43:43+00:00,0,Normal
2022-04-23 11:48:43+00:00,39,Normal
2022-04-23 11:53:43+00:00,3,Normal
2022-04-23 11:58:44+00:00,0,Normal
2022-04-23 12:03:45+00:00,0,Normal
2022-04-23 12:10:51+00:00,11,Normal
2022-04-23 12:13:43+00:00,0,Normal
2022-04-23 12:18:43+00:00,17,Normal
2022-04-23 12:23:43+00:00,67,Normal
2022-04-23 12:28:44+00:00,149,Normal
2022-04-23 12:33:42+00:00,134,Normal
2022-04-23 12:40:50+00:00,180,Normal
2022-04-23 12:43:44+00:00,76,Normal
2022-04-23 12:48:45+00:00,127,Normal
2022-04-23 12:53:48+00:00,118,Normal
2022-04-23 12:58:44+00:00,6,Normal
2022-04-23 13:03:45+00:00,264,Normal
2022-04-23 13:10:51+00:00,491,Normal
2022-04-23 13:13:43+00:00,0,Normal
2022-04-23 13:23:43+00:00,18,Normal
2022-04-23 13:28:45+00:00,49,Normal
2022-04-23 13:33:43+00:00,0,Normal
2022-04-23 13:40:47+00:00,8,Normal
2022-04-23 13:43:42+00:00,0,Normal
2022-04-23 13:48:42+00:00,16,Normal
2022-04-23 13:53:42+00:00,7,Normal
2022-04-23 13:58:42+00:00,6,Normal
2022-04-23 14:03:42+00:00,8,Normal
2022-04-23 14:10:48+00:00,4,Normal
2022-04-23 14:13:42+00:00,115,Normal
2022-04-23 14:18:42+00:00,548,Normal
2022-04-23 14:28:43+00:00,1070,Anomaly
2022-04-23 14:33:42+00:00,512,Normal
2022-04-23 14:43:42+00:00,169,Normal
2022-04-23 14:48:42+00:00,2,Normal
2022-04-23 14:53:42+00:00,16,Normal
2022-04-23 14:58:42+00:00,61,Normal
2022-04-23 15:03:43+00:00,4,Normal
2022-04-23 15:10:48+00:00,60,Normal
2022-04-23 15:13:42+00:00,3,Normal
2022-04-23 15:18:42+00:00,0,Normal
2022-04-23 15:23:41+00:00,0,Normal
2022-04-23 15:28:45+00:00,6,Normal
2022-04-23 15:33:42+00:00,86,Normal
2022-04-23 15:40:49+00:00,752,Normal
2022-04-23 15:43:41+00:00,152,Normal
2022-04-23 15:48:42+00:00,281,Normal
2022-04-23 15:53:42+00:00,619,Normal
2022-04-23 15:58:43+00:00,296,Normal
2022-04-23 16:03:43+00:00,294,Normal
2022-04-23 16:10:48+00:00,469,Normal
2022-04-23 16:13:43+00:00,206,Normal
2022-04-23 16:18:43+00:00,340,Normal
2022-04-23 16:23:43+00:00,366,Normal
2022-04-23 16:28:44+00:00,247,Normal
2022-04-23 16:33:44+00:00,371,Normal
2022-04-23 16:40:47+00:00,401,Normal
2022-04-23 16:43:42+00:00,176,Normal
2022-04-23 16:48:42+00:00,285,Normal
2022-04-23 16:53:46+00:00,299,Normal
2022-04-23 16:58:42+00:00,280,Normal
2022-04-23 17:03:43+00:00,485,Normal
2022-04-23 17:10:50+00:00,783,Normal
2022-04-23 17:13:44+00:00,324,Normal
2022-04-23 17:18:45+00:00,552,Normal
2022-04-23 17:23:42+00:00,550,Normal
2022-04-23 17:28:42+00:00,400,Normal
2022-04-23 17:33:43+00:00,220,Normal
2022-04-23 17:40:47+00:00,306,Normal
2022-04-23 17:43:42+00:00,126,Normal
2022-04-23 17:48:42+00:00,217,Normal
2022-04-23 17:53:43+00:00,219,Normal
2022-04-23 17:58:44+00:00,220,Normal
2022-04-23 18:03:44+00:00,220,Normal
2022-04-23 18:10:47+00:00,309,Normal
2022-04-23 18:13:45+00:00,129,Normal
2022-04-23 18:18:43+00:00,220,Normal
2022-04-23 18:23:43+00:00,219,Normal
2022-04-23 18:28:46+00:00,221,Normal
2022-04-23 18:33:45+00:00,220,Normal
2022-04-23 18:40:50+00:00,312,Normal
2022-04-23 18:43:43+00:00,127,Normal
2022-04-23 18:48:48+00:00,219,Normal
2022-04-23 18:53:45+00:00,444,Normal
2022-04-23 18:58:46+00:00,557,Normal
2022-04-23 19:03:44+00:00,550,Normal
2022-04-23 19:10:51+00:00,784,Normal
2022-04-23 19:13:45+00:00,322,Normal
2022-04-23 19:18:45+00:00,547,Normal
2022-04-23 19:23:42+00:00,523,Normal
2022-04-23 19:28:42+00:00,544,Normal
2022-04-23 19:33:42+00:00,540,Normal
2022-04-23 19:40:49+00:00,775,Normal
2022-04-23 19:43:43+00:00,83,Normal
2022-04-23 19:48:43+00:00,103,Normal
2022-04-23 19:53:44+00:00,100,Normal
2022-04-23 19:58:43+00:00,388,Normal
2022-04-23 20:03:45+00:00,154,Normal
2022-04-23 20:10:55+00:00,175,Normal
2022-04-23 20:13:44+00:00,60,Normal
2022-04-23 20:18:44+00:00,103,Normal
2022-04-23 20:23:44+00:00,103,Normal
2022-04-23 20:28:43+00:00,101,Normal
2022-04-23 20:33:44+00:00,116,Normal
2022-04-23 20:40:48+00:00,145,Normal
2022-04-23 20:43:45+00:00,60,Normal
2022-04-23 20:48:43+00:00,103,Normal
2022-04-23 20:53:44+00:00,104,Normal
2022-04-23 20:58:43+00:00,105,Normal
2022-04-23 21:03:45+00:00,190,Normal
2022-04-23 21:10:49+00:00,144,Normal
2022-04-23 21:13:43+00:00,60,Normal
2022-04-23 21:18:45+00:00,459,Normal
2022-04-23 21:23:43+00:00,559,Normal
2022-04-23 21:28:46+00:00,556,Normal
2022-04-23 21:33:43+00:00,554,Normal
2022-04-23 21:40:49+00:00,763,Normal
2022-04-23 21:43:43+00:00,315,Normal
2022-04-23 21:48:42+00:00,533,Normal
2022-04-23 21:53:44+00:00,541,Normal
2022-04-23 21:58:44+00:00,549,Normal
2022-04-23 22:03:44+00:00,549,Normal
2022-04-23 22:10:47+00:00,774,Normal
2022-04-23 22:13:43+00:00,61,Normal
2022-04-23 22:18:45+00:00,127,Normal
2022-04-23 22:23:43+00:00,173,Normal
2022-04-23 22:28:44+00:00,103,Normal
2022-04-23 22:33:43+00:00,104,Normal
2022-04-23 22:40:47+00:00,181,Normal
2022-04-23 22:43:44+00:00,64,Normal
2022-04-23 22:48:43+00:00,157,Normal
2022-04-23 22:53:45+00:00,108,Normal
2022-04-23 22:58:42+00:00,963,Anomaly
2022-04-23 23:03:42+00:00,191,Normal
2022-04-23 23:10:47+00:00,692,Normal
2022-04-23 23:13:43+00:00,280,Normal
2022-04-23 23:18:43+00:00,383,Normal
2022-04-23 23:23:45+00:00,337,Normal
2022-04-23 23:28:42+00:00,445,Normal
2022-04-23 23:33:42+00:00,946,Anomaly
2022-04-23 23:40:47+00:00,172,Normal
2022-04-23 23:43:42+00:00,56,Normal
2022-04-23 23:48:42+00:00,116,Normal
2022-04-23 23:53:43+00:00,398,Normal
2022-04-23 23:58:43+00:00,327,Normal
2022-04-24 00:03:42+00:00,409,Normal
2022-04-24 00:10:46+00:00,190,Normal
2022-04-24 00:13:46+00:00,60,Normal
2022-04-24 00:18:44+00:00,66,Normal
2022-04-24 00:23:45+00:00,0,Normal
2022-04-24 00:28:43+00:00,0,Normal
2022-04-24 00:33:44+00:00,0,Normal
2022-04-24 00:40:49+00:00,4,Normal
2022-04-24 00:43:44+00:00,0,Normal
2022-04-24 00:48:43+00:00,4,Normal
2022-04-24 00:53:42+00:00,0,Normal
2022-04-24 00:58:44+00:00,0,Normal
2022-04-24 01:03:44+00:00,0,Normal
2022-04-24 01:10:48+00:00,0,Normal
2022-04-24 01:13:43+00:00,0,Normal
2022-04-24 01:18:42+00:00,0,Normal
2022-04-24 01:23:44+00:00,0,Normal
2022-04-24 01:28:41+00:00,0,Normal
2022-04-24 01:33:42+00:00,0,Normal
2022-04-24 01:40:46+00:00,52,Normal
2022-04-24 01:43:42+00:00,119,Normal
2022-04-24 01:48:44+00:00,14,Normal
2022-04-24 01:53:43+00:00,0,Normal
2022-04-24 01:58:44+00:00,90,Normal
2022-04-24 02:03:44+00:00,525,Normal
2022-04-24 02:10:47+00:00,738,Normal
2022-04-24 02:13:44+00:00,305,Normal
2022-04-24 02:18:42+00:00,521,Normal
2022-04-24 02:23:43+00:00,519,Normal
2022-04-24 02:28:42+00:00,517,Normal
2022-04-24 02:33:43+00:00,515,Normal
2022-04-24 02:40:48+00:00,687,Normal
2022-04-24 02:43:43+00:00,0,Normal
2022-04-24 02:48:42+00:00,0,Normal
2022-04-24 02:53:42+00:00,170,Normal
2022-04-24 02:58:45+00:00,2,Normal
2022-04-24 03:03:43+00:00,4,Normal
2022-04-24 03:10:48+00:00,3,Normal
2022-04-24 03:13:43+00:00,0,Normal
2022-04-24 03:18:43+00:00,0,Normal
2022-04-24 03:23:43+00:00,0,Normal
2022-04-24 03:28:43+00:00,0,Normal
2022-04-24 03:33:45+00:00,0,Normal
2022-04-24 03:40:47+00:00,0,Normal
2022-04-24 03:43:43+00:00,0,Normal
2022-04-24 03:48:43+00:00,0,Normal
2022-04-24 03:53:43+00:00,2,Normal
2022-04-24 03:58:43+00:00,0,Normal
2022-04-24 04:03:44+00:00,68,Normal
2022-04-24 04:10:47+00:00,137,Normal
2022-04-24 04:13:43+00:00,0,Normal
2022-04-24 04:18:43+00:00,1,Normal
2022-04-24 04:23:43+00:00,328,Normal
2022-04-24 04:28:45+00:00,499,Normal
2022-04-24 04:33:43+00:00,480,Normal
2022-04-24 04:40:49+00:00,734,Normal
2022-04-24 04:43:43+00:00,303,Normal
2022-04-24 04:48:43+00:00,519,Normal
2022-04-24 04:53:45+00:00,521,Normal
2022-04-24 04:58:43+00:00,229,Normal
2022-04-24 05:03:44+00:00,161,Normal
2022-04-24 05:10:48+00:00,229,Normal
2022-04-24 05:13:43+00:00,95,Normal
2022-04-24 05:18:43+00:00,163,Normal
2022-04-24 05:23:44+00:00,162,Normal
2022-04-24 05:28:43+00:00,162,Normal
2022-04-24 05:33:43+00:00,161,Normal
2022-04-24 05:40:47+00:00,230,Normal
2022-04-24 05:43:45+00:00,95,Normal
2022-04-24 05:48:43+00:00,162,Normal
2022-04-24 05:53:44+00:00,161,Normal
2022-04-24 05:58:47+00:00,162,Normal
2022-04-24 06:03:43+00:00,162,Normal
2022-04-24 06:10:48+00:00,149,Normal
2022-04-24 06:13:42+00:00,58,Normal
2022-04-24 06:18:42+00:00,93,Normal
2022-04-24 06:23:43+00:00,97,Normal
2022-04-24 06:28:44+00:00,99,Normal
2022-04-24 06:33:42+00:00,91,Normal
2022-04-24 06:40:49+00:00,159,Normal
2022-04-24 06:43:43+00:00,70,Normal
2022-04-24 06:48:44+00:00,99,Normal
2022-04-24 06:53:44+00:00,103,Normal
2022-04-24 06:58:43+00:00,108,Normal
2022-04-24 07:03:44+00:00,385,Normal
2022-04-24 07:10:48+00:00,764,Normal
2022-04-24 07:13:44+00:00,239,Normal
2022-04-24 07:18:43+00:00,129,Normal
2022-04-24 07:23:45+00:00,128,Normal
2022-04-24 07:28:44+00:00,151,Normal
2022-04-24 07:33:43+00:00,127,Normal
2022-04-24 07:40:50+00:00,594,Normal
2022-04-24 07:43:43+00:00,314,Normal
2022-04-24 07:48:43+00:00,545,Normal
2022-04-24 07:53:44+00:00,537,Normal
2022-04-24 07:58:45+00:00,514,Normal
2022-04-24 08:03:45+00:00,524,Normal
2022-04-24 08:10:49+00:00,743,Normal
2022-04-24 08:13:42+00:00,307,Normal
2022-04-24 08:18:44+00:00,346,Normal
2022-04-24 08:23:43+00:00,19,Normal
2022-04-24 08:28:43+00:00,39,Normal
2022-04-24 08:33:48+00:00,27,Normal
2022-04-24 08:40:47+00:00,220,Normal
2022-04-24 08:43:43+00:00,0,Normal
2022-04-24 08:48:43+00:00,10,Normal
2022-04-24 08:53:44+00:00,4,Normal
2022-04-24 08:58:43+00:00,11,Normal
2022-04-24 09:03:44+00:00,0,Normal
2022-04-24 09:10:48+00:00,17,Normal
2022-04-24 09:13:43+00:00,4,Normal
2022-04-24 09:18:43+00:00,59,Normal
2022-04-24 09:23:43+00:00,133,Normal
2022-04-24 09:28:42+00:00,131,Normal
2022-04-24 09:33:43+00:00,504,Normal
2022-04-24 09:40:49+00:00,508,Normal
2022-04-24 09:43:45+00:00,54,Normal
2022-04-24 09:48:45+00:00,94,Normal
2022-04-24 09:53:43+00:00,108,Normal
2022-04-24 09:58:45+00:00,104,Normal
2022-04-24 10:03:42+00:00,103,Normal
2022-04-24 10:10:46+00:00,201,Normal
2022-04-24 10:13:42+00:00,57,Normal
2022-04-24 10:18:44+00:00,98,Normal
2022-04-24 10:23:43+00:00,103,Normal
2022-04-24 10:28:42+00:00,168,Normal
2022-04-24 10:33:43+00:00,173,Normal
2022-04-24 10:40:46+00:00,195,Normal
2022-04-24 10:43:43+00:00,58,Normal
2022-04-24 10:48:43+00:00,157,Normal
2022-04-24 10:53:42+00:00,156,Normal
2022-04-24 10:58:43+00:00,180,Normal
2022-04-24 11:03:45+00:00,529,Normal
2022-04-24 11:10:46+00:00,757,Normal
2022-04-24 11:13:42+00:00,317,Normal
2022-04-24 11:18:43+00:00,547,Normal
2022-04-24 11:23:43+00:00,537,Normal
2022-04-24 11:28:42+00:00,318,Normal
2022-04-24 11:33:42+00:00,10,Normal
2022-04-24 11:40:46+00:00,22,Normal
2022-04-24 11:43:43+00:00,27,Normal
2022-04-24 11:48:42+00:00,525,Normal
2022-04-24 11:53:42+00:00,552,Normal
2022-04-24 11:58:46+00:00,528,Normal
2022-04-24 12:03:44+00:00,521,Normal
2022-04-24 12:10:47+00:00,721,Normal
2022-04-24 12:13:43+00:00,299,Normal
2022-04-24 12:18:43+00:00,537,Normal
2022-04-24 12:23:44+00:00,539,Normal
2022-04-24 12:28:45+00:00,538,Normal
2022-04-24 12:33:44+00:00,540,Normal
2022-04-24 12:40:47+00:00,710,Normal
2022-04-24 12:43:44+00:00,0,Normal
2022-04-24 12:48:46+00:00,20,Normal
2022-04-24 12:53:45+00:00,18,Normal
2022-04-24 12:58:46+00:00,100,Normal
2022-04-24 13:03:43+00:00,32,Normal
2022-04-24 13:10:47+00:00,89,Normal
2022-04-24 13:13:44+00:00,0,Normal
2022-04-24 13:18:43+00:00,0,Normal
2022-04-24 13:23:46+00:00,0,Normal
2022-04-24 13:28:45+00:00,0,Normal
2022-04-24 13:33:49+00:00,216,Normal
2022-04-24 13:40:48+00:00,73,Normal
2022-04-24 13:43:44+00:00,0,Normal
2022-04-24 13:48:45+00:00,0,Normal
2022-04-24 13:53:44+00:00,0,Normal
2022-04-24 13:58:45+00:00,0,Normal
2022-04-24 14:03:44+00:00,0,Normal
2022-04-24 14:10:48+00:00,4,Normal
2022-04-24 14:13:45+00:00,0,Normal
2022-04-24 14:18:43+00:00,0,Normal
2022-04-24 14:23:46+00:00,2,Normal
2022-04-24 14:28:44+00:00,32,Normal
2022-04-24 14:33:47+00:00,0,Normal
2022-04-24 14:40:47+00:00,3,Normal
2022-04-24 14:43:44+00:00,0,Normal
2022-04-24 14:48:43+00:00,17,Normal
2022-04-24 14:53:42+00:00,0,Normal
2022-04-24 14:58:45+00:00,0,Normal
2022-04-24 15:03:43+00:00,3,Normal
2022-04-24 15:10:50+00:00,42,Normal
2022-04-24 15:13:44+00:00,1,Normal
2022-04-24 15:18:44+00:00,39,Normal
2022-04-24 15:23:42+00:00,34,Normal
2022-04-24 15:28:44+00:00,24,Normal
2022-04-24 15:33:42+00:00,3,Normal
2022-04-24 15:40:46+00:00,45,Normal
2022-04-24 15:43:43+00:00,17,Normal
2022-04-24 15:48:44+00:00,263,Normal
2022-04-24 15:53:48+00:00,3,Normal
2022-04-24 15:58:45+00:00,0,Normal
2022-04-24 16:03:42+00:00,26,Normal
2022-04-24 16:10:47+00:00,0,Normal
2022-04-24 16:13:42+00:00,411,Normal
2022-04-24 16:18:42+00:00,435,Normal
2022-04-24 16:23:43+00:00,0,Normal
2022-04-24 16:28:42+00:00,26,Normal
2022-04-24 16:33:42+00:00,0,Normal
2022-04-24 16:40:47+00:00,0,Normal
2022-04-24 16:43:43+00:00,0,Normal
2022-04-24 16:48:44+00:00,0,Normal
2022-04-24 17:10:46+00:00,69,Normal
2022-04-24 17:13:42+00:00,39,Normal
2022-04-24 17:18:43+00:00,38,Normal
2022-04-24 17:23:44+00:00,191,Normal
2022-04-24 17:28:43+00:00,166,Normal
2022-04-24 17:33:44+00:00,7,Normal
2022-04-24 17:40:54+00:00,38,Normal
2022-04-24 17:43:44+00:00,151,Normal
2022-04-24 17:48:45+00:00,545,Normal
2022-04-24 17:53:43+00:00,541,Normal
2022-04-24 17:58:44+00:00,548,Normal
2022-04-24 18:03:43+00:00,549,Normal
2022-04-24 18:10:47+00:00,756,Normal
2022-04-24 18:13:44+00:00,264,Normal
2022-04-24 18:18:44+00:00,33,Normal
2022-04-24 18:23:43+00:00,0,Normal
2022-04-24 18:28:46+00:00,19,Normal
2022-04-24 18:33:44+00:00,176,Normal
2022-04-24 18:40:46+00:00,401,Normal
2022-04-24 18:43:42+00:00,12,Normal
2022-04-24 18:48:43+00:00,3,Normal
2022-04-24 18:53:44+00:00,0,Normal
2022-04-24 18:58:44+00:00,2,Normal
2022-04-24 19:03:44+00:00,354,Normal
2022-04-24 19:10:49+00:00,785,Normal
2022-04-24 19:13:44+00:00,320,Normal
2022-04-24 19:18:43+00:00,540,Normal
2022-04-24 19:23:42+00:00,503,Normal
2022-04-24 19:28:43+00:00,385,Normal
2022-04-24 19:33:42+00:00,41,Normal
2022-04-24 19:40:49+00:00,71,Normal
2022-04-24 19:43:43+00:00,0,Normal
2022-04-24 19:48:45+00:00,389,Normal
2022-04-24 19:53:45+00:00,556,Normal
2022-04-24 19:58:45+00:00,544,Normal
2022-04-24 20:03:43+00:00,555,Normal
2022-04-24 20:10:49+00:00,784,Normal
2022-04-24 20:13:43+00:00,103,Normal
2022-04-24 20:18:43+00:00,23,Normal
2022-04-24 20:23:45+00:00,80,Normal
2022-04-24 20:28:43+00:00,249,Normal
2022-04-24 20:33:46+00:00,787,Normal
2022-04-24 20:40:48+00:00,544,Normal
2022-04-24 20:43:44+00:00,0,Normal
2022-04-24 20:48:45+00:00,27,Normal
2022-04-24 20:53:42+00:00,531,Normal
2022-04-24 20:58:43+00:00,151,Normal
2022-04-24 21:03:46+00:00,11,Normal
2022-04-24 21:10:46+00:00,0,Normal
2022-04-24 21:13:42+00:00,5,Normal
2022-04-24 21:18:45+00:00,29,Normal
2022-04-24 21:23:42+00:00,85,Normal
2022-04-24 21:28:44+00:00,31,Normal
2022-04-24 21:33:46+00:00,152,Normal
2022-04-24 21:40:48+00:00,100,Normal
2022-04-24 21:43:45+00:00,28,Normal
2022-04-24 21:48:45+00:00,6,Normal
2022-04-24 21:53:46+00:00,36,Normal
2022-04-24 21:58:46+00:00,0,Normal
2022-04-24 22:03:45+00:00,0,Normal
2022-04-24 22:10:47+00:00,7,Normal
2022-04-24 22:13:45+00:00,10,Normal
2022-04-24 22:18:44+00:00,72,Normal
2022-04-24 22:23:43+00:00,0,Normal
2022-04-24 22:28:44+00:00,26,Normal
2022-04-24 22:33:45+00:00,81,Normal
2022-04-24 22:40:47+00:00,519,Normal
2022-04-24 22:43:46+00:00,296,Normal
2022-04-24 22:48:44+00:00,524,Normal
2022-04-24 22:53:45+00:00,490,Normal
2022-04-24 22:58:45+00:00,470,Normal
2022-04-24 23:03:44+00:00,512,Normal
2022-04-24 23:10:47+00:00,729,Normal
2022-04-24 23:13:46+00:00,316,Normal
2022-04-24 23:18:44+00:00,531,Normal
2022-04-24 23:23:43+00:00,535,Normal
2022-04-24 23:28:46+00:00,536,Normal
2022-04-24 23:33:44+00:00,517,Normal
2022-04-24 23:40:47+00:00,743,Normal
2022-04-24 23:43:44+00:00,108,Normal
2022-04-24 23:48:46+00:00,6,Normal
2022-04-24 23:53:44+00:00,8,Normal
2022-04-24 23:58:44+00:00,16,Normal
